0,"{0: 1, 1: 1, 2: 1, 3: 2, 4: 2, 5: 3, 6: 4, 7: 4, 8: 4, 9: 3, 10: 3, 11: 5, 12: 4, 13: 3, 14: 1, 15: 0, 16: 0, 17: 0, 18: 0, 19: 0, 20: 0, 21: 0, 22: 0, 23: 0, 24: 0, 25: 0, 26: 0, 27: 0}"
1,"{0: 1, 1: 1, 2: 1, 3: 1, 4: 1, 5: 1, 6: 1, 7: 1, 8: 1, 9: 1, 10: 1, 11: 1, 12: 1, 13: 1, 14: 0, 15: 0, 16: 0, 17: 0, 18: 0, 19: 0, 20: 0, 21: 0, 22: 0, 23: 0, 24: 0, 25: 0, 26: 0, 27: 0}"
2,"{0: 1, 1: 2, 2: 3, 3: 3, 4: 4, 5: 3, 6: 4, 7: 3, 8: 2, 9: 3, 10: 3, 11: 3, 12: 1, 13: 1, 14: 0, 15: 0, 16: 0, 17: 0, 18: 0, 19: 0, 20: 0, 21: 0, 22: 0, 23: 0, 24: 0, 25: 0, 26: 0, 27: 0}"
3,"{0: 1, 1: 2, 2: 3, 3: 5, 4: 6, 5: 9, 6: 11, 7: 13, 8: 13, 9: 11, 10: 10, 11: 10, 12: 8, 13: 6, 14: 5, 15: 4, 16: 1, 17: 1, 18: 0, 19: 0, 20: 0, 21: 0, 22: 0, 23: 0, 24: 0, 25: 0, 26: 0, 27: 0}"
4,"{0: 1, 1: 1, 2: 1, 3: 1, 4: 1, 5: 1, 6: 1, 7: 1, 8: 1, 9: 1, 10: 1, 11: 1, 12: 1, 13: 0, 14: 0, 15: 0, 16: 0, 17: 0, 18: 0, 19: 0, 20: 0, 21: 0, 22: 0, 23: 0, 24: 0, 25: 0, 26: 0, 27: 0}"
5,"{0: 1, 1: 2, 2: 3, 3: 4, 4: 3, 5: 3, 6: 3, 7: 3, 8: 2, 9: 4, 10: 2, 11: 4, 12: 3, 13: 2, 14: 0, 15: 0, 16: 0, 17: 0, 18: 0, 19: 0, 20: 0, 21: 0, 22: 0, 23: 0, 24: 0, 25: 0, 26: 0, 27: 0}"
6,"{0: 1, 1: 2, 2: 2, 3: 3, 4: 4, 5: 5, 6: 6, 7: 8, 8: 9, 9: 8, 10: 8, 11: 7, 12: 6, 13: 4, 14: 2, 15: 3, 16: 2, 17: 1, 18: 0, 19: 0, 20: 0, 21: 0, 22: 0, 23: 0, 24: 0, 25: 0, 26: 0, 27: 0}"
7,"{0: 1, 1: 1, 2: 2, 3: 2, 4: 4, 5: 2, 6: 4, 7: 3, 8: 4, 9: 3, 10: 3, 11: 4, 12: 3, 13: 2, 14: 0, 15: 0, 16: 0, 17: 0, 18: 0, 19: 0, 20: 0, 21: 0, 22: 0, 23: 0, 24: 0, 25: 0, 26: 0, 27: 0}"
8,"{0: 1, 1: 1, 2: 1, 3: 1, 4: 1, 5: 1, 6: 1, 7: 1, 8: 1, 9: 1, 10: 1, 11: 1, 12: 1, 13: 0, 14: 0, 15: 0, 16: 0, 17: 0, 18: 0, 19: 0, 20: 0, 21: 0, 22: 0, 23: 0, 24: 0, 25: 0, 26: 0, 27: 0}"
9,"{0: 1, 1: 1, 2: 1, 3: 1, 4: 2, 5: 4, 6: 4, 7: 6, 8: 9, 9: 12, 10: 11, 11: 14, 12: 11, 13: 11, 14: 7, 15: 8, 16: 7, 17: 5, 18: 3, 19: 3, 20: 1, 21: 0, 22: 0, 23: 0, 24: 0, 25: 0, 26: 0, 27: 0}"
10,"{0: 1, 1: 1, 2: 1, 3: 1, 4: 1, 5: 1, 6: 1, 7: 2, 8: 4, 9: 2, 10: 3, 11: 2, 12: 2, 13: 1, 14: 0, 15: 0, 16: 0, 17: 0, 18: 0, 19: 0, 20: 0, 21: 0, 22: 0, 23: 0, 24: 0, 25: 0, 26: 0, 27: 0}"
11,"{0: 1, 1: 2, 2: 3, 3: 4, 4: 5, 5: 7, 6: 10, 7: 8, 8: 7, 9: 8, 10: 7, 11: 9, 12: 9, 13: 8, 14: 7, 15: 6, 16: 5, 17: 3, 18: 3, 19: 2, 20: 2, 21: 1, 22: 0, 23: 0, 24: 0, 25: 0, 26: 0, 27: 0}"
12,"{0: 1, 1: 1, 2: 2, 3: 3, 4: 2, 5: 2, 6: 3, 7: 3, 8: 3, 9: 4, 10: 3, 11: 4, 12: 3, 13: 1, 14: 0, 15: 0, 16: 0, 17: 0, 18: 0, 19: 0, 20: 0, 21: 0, 22: 0, 23: 0, 24: 0, 25: 0, 26: 0, 27: 0}"
13,"{0: 1, 1: 1, 2: 2, 3: 4, 4: 3, 5: 3, 6: 4, 7: 3, 8: 5, 9: 4, 10: 5, 11: 4, 12: 4, 13: 3, 14: 3, 15: 4, 16: 6, 17: 7, 18: 6, 19: 4, 20: 3, 21: 2, 22: 1, 23: 0, 24: 0, 25: 0, 26: 0, 27: 0}"
14,"{0: 1, 1: 1, 2: 2, 3: 3, 4: 3, 5: 5, 6: 5, 7: 6, 8: 5, 9: 7, 10: 8, 11: 8, 12: 7, 13: 4, 14: 4, 15: 3, 16: 1, 17: 1, 18: 1, 19: 0, 20: 0, 21: 0, 22: 0, 23: 0, 24: 0, 25: 0, 26: 0, 27: 0}"
15,"{0: 1, 1: 2, 2: 3, 3: 5, 4: 6, 5: 5, 6: 7, 7: 8, 8: 10, 9: 15, 10: 10, 11: 8, 12: 7, 13: 5, 14: 3, 15: 1, 16: 1, 17: 0, 18: 0, 19: 0, 20: 0, 21: 0, 22: 0, 23: 0, 24: 0, 25: 0, 26: 0, 27: 0}"
16,"{0: 1, 1: 1, 2: 1, 3: 1, 4: 1, 5: 1, 6: 1, 7: 2, 8: 4, 9: 2, 10: 3, 11: 2, 12: 2, 13: 1, 14: 0, 15: 0, 16: 0, 17: 0, 18: 0, 19: 0, 20: 0, 21: 0, 22: 0, 23: 0, 24: 0, 25: 0, 26: 0, 27: 0}"
17,"{0: 1, 1: 2, 2: 3, 3: 4, 4: 4, 5: 3, 6: 4, 7: 2, 8: 3, 9: 4, 10: 2, 11: 4, 12: 3, 13: 2, 14: 0, 15: 0, 16: 0, 17: 0, 18: 0, 19: 0, 20: 0, 21: 0, 22: 0, 23: 0, 24: 0, 25: 0, 26: 0, 27: 0}"
18,"{0: 1, 1: 1, 2: 1, 3: 1, 4: 1, 5: 1, 6: 1, 7: 1, 8: 2, 9: 2, 10: 3, 11: 2, 12: 2, 13: 1, 14: 0, 15: 0, 16: 0, 17: 0, 18: 0, 19: 0, 20: 0, 21: 0, 22: 0, 23: 0, 24: 0, 25: 0, 26: 0, 27: 0}"
19,"{0: 1, 1: 1, 2: 2, 3: 3, 4: 2, 5: 4, 6: 3, 7: 3, 8: 3, 9: 3, 10: 2, 11: 2, 12: 2, 13: 1, 14: 0, 15: 0, 16: 0, 17: 0, 18: 0, 19: 0, 20: 0, 21: 0, 22: 0, 23: 0, 24: 0, 25: 0, 26: 0, 27: 0}"
20,"{0: 1, 1: 1, 2: 2, 3: 2, 4: 4, 5: 4, 6: 3, 7: 4, 8: 2, 9: 3, 10: 3, 11: 2, 12: 2, 13: 0, 14: 0, 15: 0, 16: 0, 17: 0, 18: 0, 19: 0, 20: 0, 21: 0, 22: 0, 23: 0, 24: 0, 25: 0, 26: 0, 27: 0}"
21,"{0: 1, 1: 1, 2: 2, 3: 4, 4: 4, 5: 6, 6: 6, 7: 5, 8: 3, 9: 3, 10: 2, 11: 3, 12: 2, 13: 1, 14: 0, 15: 0, 16: 0, 17: 0, 18: 0, 19: 0, 20: 0, 21: 0, 22: 0, 23: 0, 24: 0, 25: 0, 26: 0, 27: 0}"
22,"{0: 1, 1: 1, 2: 2, 3: 3, 4: 3, 5: 4, 6: 4, 7: 4, 8: 5, 9: 4, 10: 5, 11: 5, 12: 5, 13: 4, 14: 3, 15: 4, 16: 6, 17: 7, 18: 6, 19: 4, 20: 3, 21: 2, 22: 1, 23: 0, 24: 0, 25: 0, 26: 0, 27: 0}"
23,"{0: 1, 1: 1, 2: 2, 3: 4, 4: 3, 5: 2, 6: 4, 7: 2, 8: 3, 9: 4, 10: 3, 11: 3, 12: 3, 13: 1, 14: 0, 15: 0, 16: 0, 17: 0, 18: 0, 19: 0, 20: 0, 21: 0, 22: 0, 23: 0, 24: 0, 25: 0, 26: 0, 27: 0}"
24,"{0: 1, 1: 1, 2: 1, 3: 1, 4: 2, 5: 3, 6: 3, 7: 2, 8: 3, 9: 4, 10: 3, 11: 3, 12: 2, 13: 1, 14: 0, 15: 0, 16: 0, 17: 0, 18: 0, 19: 0, 20: 0, 21: 0, 22: 0, 23: 0, 24: 0, 25: 0, 26: 0, 27: 0}"
25,"{0: 1, 1: 1, 2: 1, 3: 1, 4: 1, 5: 1, 6: 2, 7: 3, 8: 3, 9: 2, 10: 3, 11: 2, 12: 0, 13: 0, 14: 0, 15: 0, 16: 0, 17: 0, 18: 0, 19: 0, 20: 0, 21: 0, 22: 0, 23: 0, 24: 0, 25: 0, 26: 0, 27: 0}"
26,"{0: 1, 1: 1, 2: 1, 3: 1, 4: 2, 5: 3, 6: 3, 7: 3, 8: 4, 9: 3, 10: 3, 11: 2, 12: 2, 13: 1, 14: 0, 15: 0, 16: 0, 17: 0, 18: 0, 19: 0, 20: 0, 21: 0, 22: 0, 23: 0, 24: 0, 25: 0, 26: 0, 27: 0}"
27,"{0: 1, 1: 1, 2: 1, 3: 1, 4: 2, 5: 4, 6: 4, 7: 3, 8: 3, 9: 4, 10: 3, 11: 2, 12: 0, 13: 0, 14: 0, 15: 0, 16: 0, 17: 0, 18: 0, 19: 0, 20: 0, 21: 0, 22: 0, 23: 0, 24: 0, 25: 0, 26: 0, 27: 0}"
28,"{0: 1, 1: 1, 2: 2, 3: 2, 4: 3, 5: 4, 6: 5, 7: 8, 8: 12, 9: 14, 10: 15, 11: 18, 12: 19, 13: 16, 14: 13, 15: 12, 16: 8, 17: 3, 18: 1, 19: 0, 20: 0, 21: 0, 22: 0, 23: 0, 24: 0, 25: 0, 26: 0, 27: 0}"
29,"{0: 1, 1: 1, 2: 1, 3: 1, 4: 1, 5: 2, 6: 3, 7: 4, 8: 4, 9: 5, 10: 6, 11: 7, 12: 6, 13: 7, 14: 6, 15: 6, 16: 5, 17: 2, 18: 2, 19: 1, 20: 0, 21: 0, 22: 0, 23: 0, 24: 0, 25: 0, 26: 0, 27: 0}"
30,"{0: 1, 1: 2, 2: 3, 3: 5, 4: 7, 5: 12, 6: 15, 7: 15, 8: 12, 9: 15, 10: 14, 11: 14, 12: 11, 13: 6, 14: 6, 15: 3, 16: 1, 17: 0, 18: 0, 19: 0, 20: 0, 21: 0, 22: 0, 23: 0, 24: 0, 25: 0, 26: 0, 27: 0}"
31,"{0: 1, 1: 2, 2: 3, 3: 5, 4: 7, 5: 12, 6: 15, 7: 19, 8: 19, 9: 19, 10: 16, 11: 15, 12: 15, 13: 13, 14: 11, 15: 10, 16: 8, 17: 7, 18: 4, 19: 1, 20: 0, 21: 0, 22: 0, 23: 0, 24: 0, 25: 0, 26: 0, 27: 0}"
32,"{0: 1, 1: 1, 2: 1, 3: 2, 4: 4, 5: 3, 6: 3, 7: 3, 8: 4, 9: 2, 10: 4, 11: 2, 12: 1, 13: 1, 14: 0, 15: 0, 16: 0, 17: 0, 18: 0, 19: 0, 20: 0, 21: 0, 22: 0, 23: 0, 24: 0, 25: 0, 26: 0, 27: 0}"
33,"{0: 1, 1: 1, 2: 1, 3: 2, 4: 2, 5: 3, 6: 4, 7: 4, 8: 4, 9: 5, 10: 6, 11: 6, 12: 6, 13: 6, 14: 6, 15: 5, 16: 3, 17: 1, 18: 0, 19: 0, 20: 0, 21: 0, 22: 0, 23: 0, 24: 0, 25: 0, 26: 0, 27: 0}"
34,"{0: 1, 1: 2, 2: 3, 3: 3, 4: 5, 5: 7, 6: 7, 7: 11, 8: 10, 9: 9, 10: 11, 11: 11, 12: 9, 13: 6, 14: 6, 15: 3, 16: 0, 17: 0, 18: 0, 19: 0, 20: 0, 21: 0, 22: 0, 23: 0, 24: 0, 25: 0, 26: 0, 27: 0}"
35,"{0: 1, 1: 2, 2: 4, 3: 3, 4: 3, 5: 3, 6: 4, 7: 2, 8: 2, 9: 3, 10: 2, 11: 3, 12: 1, 13: 1, 14: 0, 15: 0, 16: 0, 17: 0, 18: 0, 19: 0, 20: 0, 21: 0, 22: 0, 23: 0, 24: 0, 25: 0, 26: 0, 27: 0}"
36,"{0: 1, 1: 2, 2: 3, 3: 4, 4: 4, 5: 4, 6: 3, 7: 3, 8: 2, 9: 2, 10: 4, 11: 3, 12: 2, 13: 1, 14: 0, 15: 0, 16: 0, 17: 0, 18: 0, 19: 0, 20: 0, 21: 0, 22: 0, 23: 0, 24: 0, 25: 0, 26: 0, 27: 0}"
37,"{0: 1, 1: 1, 2: 2, 3: 3, 4: 3, 5: 3, 6: 3, 7: 3, 8: 2, 9: 4, 10: 4, 11: 3, 12: 3, 13: 1, 14: 0, 15: 0, 16: 0, 17: 0, 18: 0, 19: 0, 20: 0, 21: 0, 22: 0, 23: 0, 24: 0, 25: 0, 26: 0, 27: 0}"
38,"{0: 1, 1: 1, 2: 1, 3: 2, 4: 3, 5: 3, 6: 2, 7: 3, 8: 3, 9: 3, 10: 3, 11: 3, 12: 2, 13: 1, 14: 0, 15: 0, 16: 0, 17: 0, 18: 0, 19: 0, 20: 0, 21: 0, 22: 0, 23: 0, 24: 0, 25: 0, 26: 0, 27: 0}"
39,"{0: 1, 1: 1, 2: 2, 3: 3, 4: 4, 5: 4, 6: 7, 7: 9, 8: 10, 9: 13, 10: 13, 11: 12, 12: 12, 13: 10, 14: 6, 15: 3, 16: 1, 17: 0, 18: 0, 19: 0, 20: 0, 21: 0, 22: 0, 23: 0, 24: 0, 25: 0, 26: 0, 27: 0}"
40,"{0: 1, 1: 1, 2: 1, 3: 1, 4: 2, 5: 3, 6: 4, 7: 5, 8: 8, 9: 7, 10: 9, 11: 12, 12: 8, 13: 6, 14: 2, 15: 0, 16: 0, 17: 0, 18: 0, 19: 0, 20: 0, 21: 0, 22: 0, 23: 0, 24: 0, 25: 0, 26: 0, 27: 0}"
41,"{0: 1, 1: 2, 2: 3, 3: 3, 4: 2, 5: 4, 6: 3, 7: 4, 8: 3, 9: 2, 10: 2, 11: 1, 12: 2, 13: 1, 14: 0, 15: 0, 16: 0, 17: 0, 18: 0, 19: 0, 20: 0, 21: 0, 22: 0, 23: 0, 24: 0, 25: 0, 26: 0, 27: 0}"
42,"{0: 1, 1: 1, 2: 1, 3: 1, 4: 1, 5: 1, 6: 2, 7: 3, 8: 4, 9: 6, 10: 7, 11: 7, 12: 9, 13: 6, 14: 5, 15: 4, 16: 3, 17: 1, 18: 0, 19: 0, 20: 0, 21: 0, 22: 0, 23: 0, 24: 0, 25: 0, 26: 0, 27: 0}"
43,"{0: 1, 1: 2, 2: 3, 3: 5, 4: 5, 5: 6, 6: 11, 7: 13, 8: 10, 9: 12, 10: 12, 11: 11, 12: 10, 13: 10, 14: 8, 15: 5, 16: 3, 17: 1, 18: 0, 19: 0, 20: 0, 21: 0, 22: 0, 23: 0, 24: 0, 25: 0, 26: 0, 27: 0}"
44,"{0: 1, 1: 2, 2: 3, 3: 4, 4: 4, 5: 5, 6: 4, 7: 4, 8: 3, 9: 4, 10: 4, 11: 4, 12: 4, 13: 3, 14: 1, 15: 1, 16: 1, 17: 0, 18: 0, 19: 0, 20: 0, 21: 0, 22: 0, 23: 0, 24: 0, 25: 0, 26: 0, 27: 0}"
45,"{0: 1, 1: 2, 2: 3, 3: 4, 4: 6, 5: 8, 6: 10, 7: 9, 8: 10, 9: 9, 10: 7, 11: 5, 12: 4, 13: 3, 14: 1, 15: 0, 16: 0, 17: 0, 18: 0, 19: 0, 20: 0, 21: 0, 22: 0, 23: 0, 24: 0, 25: 0, 26: 0, 27: 0}"
46,"{0: 1, 1: 1, 2: 1, 3: 1, 4: 1, 5: 1, 6: 1, 7: 1, 8: 1, 9: 1, 10: 1, 11: 1, 12: 0, 13: 0, 14: 0, 15: 0, 16: 0, 17: 0, 18: 0, 19: 0, 20: 0, 21: 0, 22: 0, 23: 0, 24: 0, 25: 0, 26: 0, 27: 0}"
47,"{0: 1, 1: 1, 2: 1, 3: 2, 4: 3, 5: 4, 6: 4, 7: 2, 8: 3, 9: 2, 10: 3, 11: 4, 12: 2, 13: 1, 14: 0, 15: 0, 16: 0, 17: 0, 18: 0, 19: 0, 20: 0, 21: 0, 22: 0, 23: 0, 24: 0, 25: 0, 26: 0, 27: 0}"
48,"{0: 1, 1: 1, 2: 2, 3: 3, 4: 2, 5: 2, 6: 3, 7: 3, 8: 3, 9: 4, 10: 3, 11: 4, 12: 2, 13: 0, 14: 0, 15: 0, 16: 0, 17: 0, 18: 0, 19: 0, 20: 0, 21: 0, 22: 0, 23: 0, 24: 0, 25: 0, 26: 0, 27: 0}"
49,"{0: 1, 1: 2, 2: 2, 3: 4, 4: 3, 5: 2, 6: 3, 7: 2, 8: 3, 9: 3, 10: 2, 11: 3, 12: 2, 13: 1, 14: 0, 15: 0, 16: 0, 17: 0, 18: 0, 19: 0, 20: 0, 21: 0, 22: 0, 23: 0, 24: 0, 25: 0, 26: 0, 27: 0}"
50,"{0: 1, 1: 2, 2: 3, 3: 5, 4: 7, 5: 11, 6: 13, 7: 15, 8: 15, 9: 14, 10: 13, 11: 9, 12: 5, 13: 3, 14: 2, 15: 1, 16: 0, 17: 0, 18: 0, 19: 0, 20: 0, 21: 0, 22: 0, 23: 0, 24: 0, 25: 0, 26: 0, 27: 0}"
51,"{0: 1, 1: 1, 2: 2, 3: 2, 4: 3, 5: 4, 6: 2, 7: 4, 8: 2, 9: 3, 10: 3, 11: 3, 12: 3, 13: 1, 14: 0, 15: 0, 16: 0, 17: 0, 18: 0, 19: 0, 20: 0, 21: 0, 22: 0, 23: 0, 24: 0, 25: 0, 26: 0, 27: 0}"
52,"{0: 1, 1: 1, 2: 1, 3: 1, 4: 1, 5: 1, 6: 1, 7: 1, 8: 1, 9: 1, 10: 1, 11: 2, 12: 2, 13: 1, 14: 0, 15: 0, 16: 0, 17: 0, 18: 0, 19: 0, 20: 0, 21: 0, 22: 0, 23: 0, 24: 0, 25: 0, 26: 0, 27: 0}"
53,"{0: 1, 1: 1, 2: 1, 3: 1, 4: 2, 5: 3, 6: 2, 7: 4, 8: 4, 9: 3, 10: 3, 11: 3, 12: 2, 13: 0, 14: 0, 15: 0, 16: 0, 17: 0, 18: 0, 19: 0, 20: 0, 21: 0, 22: 0, 23: 0, 24: 0, 25: 0, 26: 0, 27: 0}"
54,"{0: 1, 1: 2, 2: 4, 3: 5, 4: 9, 5: 14, 6: 16, 7: 21, 8: 21, 9: 19, 10: 17, 11: 17, 12: 11, 13: 8, 14: 7, 15: 6, 16: 3, 17: 1, 18: 0, 19: 0, 20: 0, 21: 0, 22: 0, 23: 0, 24: 0, 25: 0, 26: 0, 27: 0}"
55,"{0: 1, 1: 2, 2: 4, 3: 4, 4: 3, 5: 4, 6: 4, 7: 3, 8: 3, 9: 2, 10: 3, 11: 3, 12: 1, 13: 0, 14: 0, 15: 0, 16: 0, 17: 0, 18: 0, 19: 0, 20: 0, 21: 0, 22: 0, 23: 0, 24: 0, 25: 0, 26: 0, 27: 0}"
56,"{0: 1, 1: 1, 2: 2, 3: 3, 4: 3, 5: 3, 6: 3, 7: 3, 8: 4, 9: 3, 10: 3, 11: 3, 12: 3, 13: 1, 14: 0, 15: 0, 16: 0, 17: 0, 18: 0, 19: 0, 20: 0, 21: 0, 22: 0, 23: 0, 24: 0, 25: 0, 26: 0, 27: 0}"
57,"{0: 1, 1: 1, 2: 1, 3: 1, 4: 1, 5: 1, 6: 1, 7: 1, 8: 1, 9: 1, 10: 1, 11: 0, 12: 0, 13: 0, 14: 0, 15: 0, 16: 0, 17: 0, 18: 0, 19: 0, 20: 0, 21: 0, 22: 0, 23: 0, 24: 0, 25: 0, 26: 0, 27: 0}"
58,"{0: 1, 1: 2, 2: 4, 3: 4, 4: 3, 5: 4, 6: 3, 7: 4, 8: 3, 9: 2, 10: 2, 11: 3, 12: 1, 13: 0, 14: 0, 15: 0, 16: 0, 17: 0, 18: 0, 19: 0, 20: 0, 21: 0, 22: 0, 23: 0, 24: 0, 25: 0, 26: 0, 27: 0}"
59,"{0: 1, 1: 1, 2: 1, 3: 1, 4: 1, 5: 1, 6: 1, 7: 2, 8: 4, 9: 4, 10: 5, 11: 5, 12: 5, 13: 5, 14: 5, 15: 5, 16: 7, 17: 5, 18: 5, 19: 6, 20: 2, 21: 2, 22: 2, 23: 0, 24: 0, 25: 0, 26: 0, 27: 0}"
60,"{0: 1, 1: 2, 2: 3, 3: 4, 4: 5, 5: 4, 6: 4, 7: 4, 8: 6, 9: 5, 10: 5, 11: 7, 12: 5, 13: 4, 14: 4, 15: 5, 16: 6, 17: 7, 18: 6, 19: 4, 20: 3, 21: 2, 22: 1, 23: 0, 24: 0, 25: 0, 26: 0, 27: 0}"
61,"{0: 1, 1: 2, 2: 3, 3: 3, 4: 3, 5: 4, 6: 4, 7: 4, 8: 5, 9: 5, 10: 5, 11: 4, 12: 3, 13: 3, 14: 1, 15: 0, 16: 0, 17: 0, 18: 0, 19: 0, 20: 0, 21: 0, 22: 0, 23: 0, 24: 0, 25: 0, 26: 0, 27: 0}"
62,"{0: 1, 1: 2, 2: 3, 3: 4, 4: 3, 5: 3, 6: 3, 7: 3, 8: 3, 9: 2, 10: 2, 11: 2, 12: 1, 13: 0, 14: 0, 15: 0, 16: 0, 17: 0, 18: 0, 19: 0, 20: 0, 21: 0, 22: 0, 23: 0, 24: 0, 25: 0, 26: 0, 27: 0}"
63,"{0: 1, 1: 1, 2: 1, 3: 1, 4: 1, 5: 1, 6: 1, 7: 1, 8: 1, 9: 1, 10: 1, 11: 0, 12: 0, 13: 0, 14: 0, 15: 0, 16: 0, 17: 0, 18: 0, 19: 0, 20: 0, 21: 0, 22: 0, 23: 0, 24: 0, 25: 0, 26: 0, 27: 0}"
64,"{0: 1, 1: 1, 2: 1, 3: 2, 4: 2, 5: 3, 6: 3, 7: 2, 8: 2, 9: 2, 10: 4, 11: 3, 12: 2, 13: 1, 14: 0, 15: 0, 16: 0, 17: 0, 18: 0, 19: 0, 20: 0, 21: 0, 22: 0, 23: 0, 24: 0, 25: 0, 26: 0, 27: 0}"
65,"{0: 1, 1: 1, 2: 2, 3: 4, 4: 3, 5: 4, 6: 4, 7: 4, 8: 3, 9: 2, 10: 2, 11: 3, 12: 1, 13: 0, 14: 0, 15: 0, 16: 0, 17: 0, 18: 0, 19: 0, 20: 0, 21: 0, 22: 0, 23: 0, 24: 0, 25: 0, 26: 0, 27: 0}"
66,"{0: 1, 1: 2, 2: 4, 3: 4, 4: 3, 5: 4, 6: 4, 7: 3, 8: 3, 9: 2, 10: 3, 11: 3, 12: 1, 13: 0, 14: 0, 15: 0, 16: 0, 17: 0, 18: 0, 19: 0, 20: 0, 21: 0, 22: 0, 23: 0, 24: 0, 25: 0, 26: 0, 27: 0}"
67,"{0: 1, 1: 1, 2: 1, 3: 1, 4: 1, 5: 2, 6: 3, 7: 4, 8: 4, 9: 5, 10: 6, 11: 7, 12: 6, 13: 7, 14: 6, 15: 6, 16: 5, 17: 3, 18: 2, 19: 2, 20: 1, 21: 0, 22: 0, 23: 0, 24: 0, 25: 0, 26: 0, 27: 0}"
68,"{0: 1, 1: 1, 2: 1, 3: 2, 4: 2, 5: 2, 6: 3, 7: 3, 8: 3, 9: 4, 10: 6, 11: 6, 12: 7, 13: 7, 14: 6, 15: 4, 16: 3, 17: 2, 18: 0, 19: 0, 20: 0, 21: 0, 22: 0, 23: 0, 24: 0, 25: 0, 26: 0, 27: 0}"
69,"{0: 1, 1: 2, 2: 2, 3: 3, 4: 3, 5: 2, 6: 2, 7: 3, 8: 2, 9: 4, 10: 2, 11: 3, 12: 3, 13: 2, 14: 0, 15: 0, 16: 0, 17: 0, 18: 0, 19: 0, 20: 0, 21: 0, 22: 0, 23: 0, 24: 0, 25: 0, 26: 0, 27: 0}"
70,"{0: 1, 1: 2, 2: 3, 3: 5, 4: 8, 5: 12, 6: 15, 7: 15, 8: 14, 9: 13, 10: 11, 11: 11, 12: 10, 13: 9, 14: 6, 15: 4, 16: 2, 17: 1, 18: 0, 19: 0, 20: 0, 21: 0, 22: 0, 23: 0, 24: 0, 25: 0, 26: 0, 27: 0}"
71,"{0: 1, 1: 1, 2: 1, 3: 1, 4: 1, 5: 1, 6: 1, 7: 2, 8: 4, 9: 2, 10: 3, 11: 2, 12: 2, 13: 1, 14: 0, 15: 0, 16: 0, 17: 0, 18: 0, 19: 0, 20: 0, 21: 0, 22: 0, 23: 0, 24: 0, 25: 0, 26: 0, 27: 0}"
72,"{0: 1, 1: 2, 2: 3, 3: 5, 4: 7, 5: 11, 6: 14, 7: 17, 8: 15, 9: 18, 10: 15, 11: 14, 12: 14, 13: 9, 14: 5, 15: 1, 16: 1, 17: 0, 18: 0, 19: 0, 20: 0, 21: 0, 22: 0, 23: 0, 24: 0, 25: 0, 26: 0, 27: 0}"
73,"{0: 1, 1: 1, 2: 1, 3: 2, 4: 3, 5: 3, 6: 3, 7: 3, 8: 3, 9: 4, 10: 4, 11: 3, 12: 2, 13: 1, 14: 0, 15: 0, 16: 0, 17: 0, 18: 0, 19: 0, 20: 0, 21: 0, 22: 0, 23: 0, 24: 0, 25: 0, 26: 0, 27: 0}"
74,"{0: 1, 1: 1, 2: 1, 3: 1, 4: 1, 5: 1, 6: 2, 7: 2, 8: 4, 9: 2, 10: 3, 11: 3, 12: 2, 13: 1, 14: 0, 15: 0, 16: 0, 17: 0, 18: 0, 19: 0, 20: 0, 21: 0, 22: 0, 23: 0, 24: 0, 25: 0, 26: 0, 27: 0}"
75,"{0: 1, 1: 1, 2: 2, 3: 4, 4: 5, 5: 9, 6: 12, 7: 16, 8: 17, 9: 19, 10: 19, 11: 18, 12: 14, 13: 14, 14: 12, 15: 11, 16: 7, 17: 6, 18: 4, 19: 1, 20: 0, 21: 0, 22: 0, 23: 0, 24: 0, 25: 0, 26: 0, 27: 0}"
76,"{0: 1, 1: 1, 2: 1, 3: 1, 4: 1, 5: 1, 6: 1, 7: 2, 8: 4, 9: 2, 10: 3, 11: 3, 12: 1, 13: 0, 14: 0, 15: 0, 16: 0, 17: 0, 18: 0, 19: 0, 20: 0, 21: 0, 22: 0, 23: 0, 24: 0, 25: 0, 26: 0, 27: 0}"
77,"{0: 1, 1: 1, 2: 1, 3: 1, 4: 1, 5: 1, 6: 1, 7: 1, 8: 1, 9: 1, 10: 1, 11: 0, 12: 0, 13: 0, 14: 0, 15: 0, 16: 0, 17: 0, 18: 0, 19: 0, 20: 0, 21: 0, 22: 0, 23: 0, 24: 0, 25: 0, 26: 0, 27: 0}"
78,"{0: 1, 1: 1, 2: 2, 3: 4, 4: 3, 5: 4, 6: 3, 7: 3, 8: 3, 9: 3, 10: 2, 11: 2, 12: 2, 13: 1, 14: 0, 15: 0, 16: 0, 17: 0, 18: 0, 19: 0, 20: 0, 21: 0, 22: 0, 23: 0, 24: 0, 25: 0, 26: 0, 27: 0}"
79,"{0: 1, 1: 1, 2: 1, 3: 1, 4: 2, 5: 3, 6: 3, 7: 3, 8: 4, 9: 3, 10: 3, 11: 2, 12: 1, 13: 0, 14: 0, 15: 0, 16: 0, 17: 0, 18: 0, 19: 0, 20: 0, 21: 0, 22: 0, 23: 0, 24: 0, 25: 0, 26: 0, 27: 0}"
80,"{0: 1, 1: 2, 2: 3, 3: 5, 4: 6, 5: 8, 6: 10, 7: 12, 8: 11, 9: 9, 10: 8, 11: 8, 12: 7, 13: 5, 14: 4, 15: 3, 16: 1, 17: 1, 18: 1, 19: 1, 20: 0, 21: 0, 22: 0, 23: 0, 24: 0, 25: 0, 26: 0, 27: 0}"
81,"{0: 1, 1: 1, 2: 1, 3: 1, 4: 1, 5: 1, 6: 1, 7: 2, 8: 4, 9: 4, 10: 5, 11: 5, 12: 6, 13: 6, 14: 6, 15: 6, 16: 4, 17: 4, 18: 3, 19: 2, 20: 1, 21: 0, 22: 0, 23: 0, 24: 0, 25: 0, 26: 0, 27: 0}"
82,"{0: 1, 1: 2, 2: 2, 3: 2, 4: 3, 5: 4, 6: 6, 7: 7, 8: 8, 9: 7, 10: 6, 11: 6, 12: 6, 13: 5, 14: 5, 15: 5, 16: 5, 17: 5, 18: 4, 19: 2, 20: 1, 21: 1, 22: 1, 23: 1, 24: 0, 25: 0, 26: 0, 27: 0}"
83,"{0: 1, 1: 2, 2: 3, 3: 5, 4: 7, 5: 12, 6: 14, 7: 16, 8: 17, 9: 18, 10: 17, 11: 16, 12: 12, 13: 9, 14: 7, 15: 3, 16: 2, 17: 2, 18: 0, 19: 0, 20: 0, 21: 0, 22: 0, 23: 0, 24: 0, 25: 0, 26: 0, 27: 0}"
84,"{0: 1, 1: 1, 2: 2, 3: 3, 4: 4, 5: 5, 6: 7, 7: 10, 8: 12, 9: 14, 10: 14, 11: 13, 12: 10, 13: 10, 14: 10, 15: 7, 16: 4, 17: 0, 18: 0, 19: 0, 20: 0, 21: 0, 22: 0, 23: 0, 24: 0, 25: 0, 26: 0, 27: 0}"
85,"{0: 1, 1: 2, 2: 3, 3: 4, 4: 3, 5: 5, 6: 4, 7: 5, 8: 3, 9: 3, 10: 4, 11: 5, 12: 4, 13: 2, 14: 1, 15: 1, 16: 0, 17: 0, 18: 0, 19: 0, 20: 0, 21: 0, 22: 0, 23: 0, 24: 0, 25: 0, 26: 0, 27: 0}"
86,"{0: 1, 1: 1, 2: 1, 3: 1, 4: 1, 5: 1, 6: 1, 7: 1, 8: 1, 9: 1, 10: 1, 11: 1, 12: 1, 13: 0, 14: 0, 15: 0, 16: 0, 17: 0, 18: 0, 19: 0, 20: 0, 21: 0, 22: 0, 23: 0, 24: 0, 25: 0, 26: 0, 27: 0}"
87,"{0: 1, 1: 1, 2: 1, 3: 1, 4: 1, 5: 1, 6: 1, 7: 1, 8: 2, 9: 4, 10: 3, 11: 4, 12: 3, 13: 1, 14: 0, 15: 0, 16: 0, 17: 0, 18: 0, 19: 0, 20: 0, 21: 0, 22: 0, 23: 0, 24: 0, 25: 0, 26: 0, 27: 0}"
88,"{0: 1, 1: 1, 2: 1, 3: 1, 4: 1, 5: 1, 6: 1, 7: 2, 8: 4, 9: 2, 10: 3, 11: 2, 12: 0, 13: 0, 14: 0, 15: 0, 16: 0, 17: 0, 18: 0, 19: 0, 20: 0, 21: 0, 22: 0, 23: 0, 24: 0, 25: 0, 26: 0, 27: 0}"
89,"{0: 1, 1: 1, 2: 2, 3: 2, 4: 3, 5: 4, 6: 3, 7: 3, 8: 2, 9: 2, 10: 2, 11: 2, 12: 3, 13: 1, 14: 0, 15: 0, 16: 0, 17: 0, 18: 0, 19: 0, 20: 0, 21: 0, 22: 0, 23: 0, 24: 0, 25: 0, 26: 0, 27: 0}"
90,"{0: 1, 1: 2, 2: 4, 3: 5, 4: 7, 5: 10, 6: 12, 7: 14, 8: 15, 9: 14, 10: 14, 11: 16, 12: 14, 13: 16, 14: 14, 15: 12, 16: 8, 17: 5, 18: 2, 19: 2, 20: 2, 21: 1, 22: 0, 23: 0, 24: 0, 25: 0, 26: 0, 27: 0}"
91,"{0: 1, 1: 1, 2: 2, 3: 3, 4: 2, 5: 3, 6: 3, 7: 3, 8: 4, 9: 2, 10: 3, 11: 2, 12: 2, 13: 1, 14: 0, 15: 0, 16: 0, 17: 0, 18: 0, 19: 0, 20: 0, 21: 0, 22: 0, 23: 0, 24: 0, 25: 0, 26: 0, 27: 0}"
92,"{0: 1, 1: 1, 2: 1, 3: 2, 4: 2, 5: 3, 6: 3, 7: 2, 8: 3, 9: 4, 10: 6, 11: 7, 12: 5, 13: 4, 14: 5, 15: 5, 16: 3, 17: 0, 18: 0, 19: 0, 20: 0, 21: 0, 22: 0, 23: 0, 24: 0, 25: 0, 26: 0, 27: 0}"
93,"{0: 1, 1: 1, 2: 1, 3: 1, 4: 2, 5: 4, 6: 4, 7: 4, 8: 4, 9: 3, 10: 2, 11: 3, 12: 2, 13: 1, 14: 0, 15: 0, 16: 0, 17: 0, 18: 0, 19: 0, 20: 0, 21: 0, 22: 0, 23: 0, 24: 0, 25: 0, 26: 0, 27: 0}"
94,"{0: 1, 1: 2, 2: 3, 3: 5, 4: 6, 5: 8, 6: 9, 7: 10, 8: 12, 9: 9, 10: 9, 11: 7, 12: 7, 13: 7, 14: 7, 15: 5, 16: 1, 17: 0, 18: 0, 19: 0, 20: 0, 21: 0, 22: 0, 23: 0, 24: 0, 25: 0, 26: 0, 27: 0}"
95,"{0: 1, 1: 2, 2: 2, 3: 4, 4: 5, 5: 8, 6: 13, 7: 18, 8: 20, 9: 21, 10: 24, 11: 25, 12: 22, 13: 23, 14: 20, 15: 10, 16: 7, 17: 6, 18: 3, 19: 0, 20: 0, 21: 0, 22: 0, 23: 0, 24: 0, 25: 0, 26: 0, 27: 0}"
96,"{0: 1, 1: 1, 2: 2, 3: 4, 4: 5, 5: 8, 6: 10, 7: 12, 8: 12, 9: 14, 10: 13, 11: 14, 12: 13, 13: 13, 14: 11, 15: 11, 16: 8, 17: 6, 18: 4, 19: 1, 20: 0, 21: 0, 22: 0, 23: 0, 24: 0, 25: 0, 26: 0, 27: 0}"
97,"{0: 1, 1: 1, 2: 2, 3: 3, 4: 4, 5: 6, 6: 8, 7: 12, 8: 16, 9: 18, 10: 14, 11: 15, 12: 17, 13: 14, 14: 12, 15: 8, 16: 5, 17: 2, 18: 0, 19: 0, 20: 0, 21: 0, 22: 0, 23: 0, 24: 0, 25: 0, 26: 0, 27: 0}"
98,"{0: 1, 1: 2, 2: 4, 3: 3, 4: 3, 5: 4, 6: 4, 7: 3, 8: 4, 9: 3, 10: 3, 11: 3, 12: 3, 13: 1, 14: 0, 15: 0, 16: 0, 17: 0, 18: 0, 19: 0, 20: 0, 21: 0, 22: 0, 23: 0, 24: 0, 25: 0, 26: 0, 27: 0}"
99,"{0: 1, 1: 1, 2: 1, 3: 1, 4: 1, 5: 1, 6: 1, 7: 1, 8: 1, 9: 1, 10: 1, 11: 0, 12: 0, 13: 0, 14: 0, 15: 0, 16: 0, 17: 0, 18: 0, 19: 0, 20: 0, 21: 0, 22: 0, 23: 0, 24: 0, 25: 0, 26: 0, 27: 0}"
100,"{0: 1, 1: 1, 2: 2, 3: 4, 4: 4, 5: 5, 6: 5, 7: 4, 8: 3, 9: 3, 10: 3, 11: 3, 12: 1, 13: 1, 14: 0, 15: 0, 16: 0, 17: 0, 18: 0, 19: 0, 20: 0, 21: 0, 22: 0, 23: 0, 24: 0, 25: 0, 26: 0, 27: 0}"
101,"{0: 1, 1: 2, 2: 4, 3: 6, 4: 5, 5: 5, 6: 6, 7: 4, 8: 4, 9: 6, 10: 6, 11: 3, 12: 2, 13: 1, 14: 0, 15: 0, 16: 0, 17: 0, 18: 0, 19: 0, 20: 0, 21: 0, 22: 0, 23: 0, 24: 0, 25: 0, 26: 0, 27: 0}"
102,"{0: 1, 1: 1, 2: 1, 3: 1, 4: 2, 5: 3, 6: 3, 7: 4, 8: 4, 9: 4, 10: 3, 11: 3, 12: 3, 13: 1, 14: 0, 15: 0, 16: 0, 17: 0, 18: 0, 19: 0, 20: 0, 21: 0, 22: 0, 23: 0, 24: 0, 25: 0, 26: 0, 27: 0}"
103,"{0: 1, 1: 1, 2: 1, 3: 1, 4: 1, 5: 1, 6: 1, 7: 2, 8: 4, 9: 3, 10: 4, 11: 4, 12: 3, 13: 2, 14: 0, 15: 0, 16: 0, 17: 0, 18: 0, 19: 0, 20: 0, 21: 0, 22: 0, 23: 0, 24: 0, 25: 0, 26: 0, 27: 0}"
104,"{0: 1, 1: 2, 2: 3, 3: 4, 4: 2, 5: 2, 6: 3, 7: 3, 8: 3, 9: 3, 10: 4, 11: 3, 12: 3, 13: 1, 14: 0, 15: 0, 16: 0, 17: 0, 18: 0, 19: 0, 20: 0, 21: 0, 22: 0, 23: 0, 24: 0, 25: 0, 26: 0, 27: 0}"
105,"{0: 1, 1: 1, 2: 2, 3: 3, 4: 3, 5: 3, 6: 3, 7: 3, 8: 3, 9: 2, 10: 4, 11: 4, 12: 2, 13: 0, 14: 0, 15: 0, 16: 0, 17: 0, 18: 0, 19: 0, 20: 0, 21: 0, 22: 0, 23: 0, 24: 0, 25: 0, 26: 0, 27: 0}"
106,"{0: 1, 1: 1, 2: 1, 3: 2, 4: 3, 5: 3, 6: 2, 7: 3, 8: 4, 9: 3, 10: 3, 11: 3, 12: 3, 13: 1, 14: 0, 15: 0, 16: 0, 17: 0, 18: 0, 19: 0, 20: 0, 21: 0, 22: 0, 23: 0, 24: 0, 25: 0, 26: 0, 27: 0}"
107,"{0: 1, 1: 2, 2: 3, 3: 5, 4: 7, 5: 11, 6: 12, 7: 12, 8: 12, 9: 13, 10: 16, 11: 16, 12: 15, 13: 13, 14: 13, 15: 9, 16: 9, 17: 5, 18: 5, 19: 2, 20: 2, 21: 1, 22: 1, 23: 0, 24: 0, 25: 0, 26: 0, 27: 0}"
108,"{0: 1, 1: 2, 2: 3, 3: 4, 4: 3, 5: 3, 6: 3, 7: 3, 8: 2, 9: 4, 10: 2, 11: 4, 12: 3, 13: 2, 14: 0, 15: 0, 16: 0, 17: 0, 18: 0, 19: 0, 20: 0, 21: 0, 22: 0, 23: 0, 24: 0, 25: 0, 26: 0, 27: 0}"
109,"{0: 1, 1: 1, 2: 1, 3: 1, 4: 2, 5: 3, 6: 4, 7: 3, 8: 4, 9: 3, 10: 3, 11: 3, 12: 2, 13: 1, 14: 0, 15: 0, 16: 0, 17: 0, 18: 0, 19: 0, 20: 0, 21: 0, 22: 0, 23: 0, 24: 0, 25: 0, 26: 0, 27: 0}"
110,"{0: 1, 1: 1, 2: 1, 3: 1, 4: 1, 5: 1, 6: 2, 7: 4, 8: 3, 9: 4, 10: 2, 11: 2, 12: 1, 13: 0, 14: 0, 15: 0, 16: 0, 17: 0, 18: 0, 19: 0, 20: 0, 21: 0, 22: 0, 23: 0, 24: 0, 25: 0, 26: 0, 27: 0}"
111,"{0: 1, 1: 2, 2: 4, 3: 5, 4: 6, 5: 6, 6: 6, 7: 6, 8: 7, 9: 7, 10: 7, 11: 5, 12: 5, 13: 4, 14: 3, 15: 4, 16: 4, 17: 3, 18: 3, 19: 3, 20: 1, 21: 1, 22: 1, 23: 0, 24: 0, 25: 0, 26: 0, 27: 0}"
112,"{0: 1, 1: 1, 2: 1, 3: 1, 4: 2, 5: 3, 6: 3, 7: 2, 8: 3, 9: 4, 10: 3, 11: 2, 12: 1, 13: 0, 14: 0, 15: 0, 16: 0, 17: 0, 18: 0, 19: 0, 20: 0, 21: 0, 22: 0, 23: 0, 24: 0, 25: 0, 26: 0, 27: 0}"
113,"{0: 1, 1: 1, 2: 2, 3: 3, 4: 4, 5: 4, 6: 3, 7: 2, 8: 3, 9: 4, 10: 2, 11: 4, 12: 3, 13: 2, 14: 0, 15: 0, 16: 0, 17: 0, 18: 0, 19: 0, 20: 0, 21: 0, 22: 0, 23: 0, 24: 0, 25: 0, 26: 0, 27: 0}"
114,"{0: 1, 1: 1, 2: 1, 3: 2, 4: 2, 5: 2, 6: 3, 7: 2, 8: 2, 9: 3, 10: 4, 11: 3, 12: 2, 13: 2, 14: 0, 15: 0, 16: 0, 17: 0, 18: 0, 19: 0, 20: 0, 21: 0, 22: 0, 23: 0, 24: 0, 25: 0, 26: 0, 27: 0}"
115,"{0: 1, 1: 1, 2: 2, 3: 3, 4: 2, 5: 3, 6: 3, 7: 2, 8: 3, 9: 2, 10: 2, 11: 4, 12: 2, 13: 1, 14: 0, 15: 0, 16: 0, 17: 0, 18: 0, 19: 0, 20: 0, 21: 0, 22: 0, 23: 0, 24: 0, 25: 0, 26: 0, 27: 0}"
116,"{0: 1, 1: 1, 2: 2, 3: 3, 4: 4, 5: 3, 6: 3, 7: 3, 8: 3, 9: 3, 10: 2, 11: 2, 12: 1, 13: 0, 14: 0, 15: 0, 16: 0, 17: 0, 18: 0, 19: 0, 20: 0, 21: 0, 22: 0, 23: 0, 24: 0, 25: 0, 26: 0, 27: 0}"
117,"{0: 1, 1: 1, 2: 1, 3: 1, 4: 2, 5: 3, 6: 4, 7: 5, 8: 7, 9: 10, 10: 11, 11: 12, 12: 11, 13: 10, 14: 10, 15: 10, 16: 9, 17: 7, 18: 6, 19: 2, 20: 1, 21: 1, 22: 0, 23: 0, 24: 0, 25: 0, 26: 0, 27: 0}"
118,"{0: 1, 1: 1, 2: 1, 3: 2, 4: 2, 5: 2, 6: 3, 7: 5, 8: 7, 9: 12, 10: 14, 11: 15, 12: 14, 13: 10, 14: 11, 15: 10, 16: 9, 17: 7, 18: 4, 19: 2, 20: 1, 21: 1, 22: 1, 23: 0, 24: 0, 25: 0, 26: 0, 27: 0}"
119,"{0: 1, 1: 1, 2: 1, 3: 1, 4: 1, 5: 1, 6: 1, 7: 1, 8: 1, 9: 1, 10: 1, 11: 1, 12: 1, 13: 0, 14: 0, 15: 0, 16: 0, 17: 0, 18: 0, 19: 0, 20: 0, 21: 0, 22: 0, 23: 0, 24: 0, 25: 0, 26: 0, 27: 0}"
120,"{0: 1, 1: 2, 2: 3, 3: 5, 4: 5, 5: 4, 6: 5, 7: 4, 8: 4, 9: 4, 10: 4, 11: 4, 12: 3, 13: 2, 14: 1, 15: 0, 16: 0, 17: 0, 18: 0, 19: 0, 20: 0, 21: 0, 22: 0, 23: 0, 24: 0, 25: 0, 26: 0, 27: 0}"
121,"{0: 1, 1: 1, 2: 1, 3: 1, 4: 2, 5: 4, 6: 4, 7: 2, 8: 3, 9: 2, 10: 4, 11: 2, 12: 2, 13: 1, 14: 0, 15: 0, 16: 0, 17: 0, 18: 0, 19: 0, 20: 0, 21: 0, 22: 0, 23: 0, 24: 0, 25: 0, 26: 0, 27: 0}"
122,"{0: 1, 1: 2, 2: 2, 3: 3, 4: 4, 5: 2, 6: 3, 7: 2, 8: 3, 9: 3, 10: 4, 11: 4, 12: 3, 13: 2, 14: 0, 15: 0, 16: 0, 17: 0, 18: 0, 19: 0, 20: 0, 21: 0, 22: 0, 23: 0, 24: 0, 25: 0, 26: 0, 27: 0}"
123,"{0: 1, 1: 1, 2: 1, 3: 1, 4: 1, 5: 1, 6: 1, 7: 1, 8: 1, 9: 1, 10: 1, 11: 1, 12: 1, 13: 0, 14: 0, 15: 0, 16: 0, 17: 0, 18: 0, 19: 0, 20: 0, 21: 0, 22: 0, 23: 0, 24: 0, 25: 0, 26: 0, 27: 0}"
124,"{0: 1, 1: 2, 2: 4, 3: 5, 4: 8, 5: 12, 6: 13, 7: 15, 8: 13, 9: 13, 10: 11, 11: 9, 12: 4, 13: 4, 14: 4, 15: 4, 16: 3, 17: 1, 18: 0, 19: 0, 20: 0, 21: 0, 22: 0, 23: 0, 24: 0, 25: 0, 26: 0, 27: 0}"
125,"{0: 1, 1: 1, 2: 1, 3: 1, 4: 1, 5: 1, 6: 1, 7: 2, 8: 4, 9: 2, 10: 3, 11: 2, 12: 2, 13: 1, 14: 0, 15: 0, 16: 0, 17: 0, 18: 0, 19: 0, 20: 0, 21: 0, 22: 0, 23: 0, 24: 0, 25: 0, 26: 0, 27: 0}"
126,"{0: 1, 1: 1, 2: 2, 3: 4, 4: 4, 5: 5, 6: 6, 7: 6, 8: 5, 9: 6, 10: 5, 11: 6, 12: 4, 13: 4, 14: 2, 15: 1, 16: 1, 17: 0, 18: 0, 19: 0, 20: 0, 21: 0, 22: 0, 23: 0, 24: 0, 25: 0, 26: 0, 27: 0}"
127,"{0: 1, 1: 1, 2: 1, 3: 1, 4: 2, 5: 3, 6: 3, 7: 2, 8: 3, 9: 4, 10: 3, 11: 3, 12: 2, 13: 1, 14: 0, 15: 0, 16: 0, 17: 0, 18: 0, 19: 0, 20: 0, 21: 0, 22: 0, 23: 0, 24: 0, 25: 0, 26: 0, 27: 0}"
128,"{0: 1, 1: 1, 2: 2, 3: 3, 4: 2, 5: 3, 6: 3, 7: 2, 8: 2, 9: 3, 10: 3, 11: 4, 12: 3, 13: 2, 14: 0, 15: 0, 16: 0, 17: 0, 18: 0, 19: 0, 20: 0, 21: 0, 22: 0, 23: 0, 24: 0, 25: 0, 26: 0, 27: 0}"
129,"{0: 1, 1: 2, 2: 2, 3: 4, 4: 4, 5: 5, 6: 7, 7: 11, 8: 10, 9: 12, 10: 10, 11: 10, 12: 7, 13: 6, 14: 5, 15: 5, 16: 3, 17: 2, 18: 0, 19: 0, 20: 0, 21: 0, 22: 0, 23: 0, 24: 0, 25: 0, 26: 0, 27: 0}"
130,"{0: 1, 1: 1, 2: 1, 3: 1, 4: 2, 5: 3, 6: 5, 7: 5, 8: 7, 9: 11, 10: 12, 11: 8, 12: 8, 13: 6, 14: 5, 15: 4, 16: 3, 17: 2, 18: 0, 19: 0, 20: 0, 21: 0, 22: 0, 23: 0, 24: 0, 25: 0, 26: 0, 27: 0}"
131,"{0: 1, 1: 1, 2: 2, 3: 3, 4: 4, 5: 6, 6: 8, 7: 11, 8: 12, 9: 15, 10: 14, 11: 14, 12: 11, 13: 13, 14: 11, 15: 7, 16: 4, 17: 0, 18: 0, 19: 0, 20: 0, 21: 0, 22: 0, 23: 0, 24: 0, 25: 0, 26: 0, 27: 0}"
132,"{0: 1, 1: 2, 2: 4, 3: 6, 4: 7, 5: 10, 6: 15, 7: 16, 8: 13, 9: 8, 10: 9, 11: 8, 12: 6, 13: 3, 14: 2, 15: 1, 16: 1, 17: 0, 18: 0, 19: 0, 20: 0, 21: 0, 22: 0, 23: 0, 24: 0, 25: 0, 26: 0, 27: 0}"
133,"{0: 1, 1: 1, 2: 1, 3: 1, 4: 1, 5: 1, 6: 1, 7: 1, 8: 1, 9: 1, 10: 1, 11: 0, 12: 0, 13: 0, 14: 0, 15: 0, 16: 0, 17: 0, 18: 0, 19: 0, 20: 0, 21: 0, 22: 0, 23: 0, 24: 0, 25: 0, 26: 0, 27: 0}"
134,"{0: 1, 1: 1, 2: 1, 3: 1, 4: 1, 5: 1, 6: 1, 7: 1, 8: 1, 9: 1, 10: 1, 11: 1, 12: 0, 13: 0, 14: 0, 15: 0, 16: 0, 17: 0, 18: 0, 19: 0, 20: 0, 21: 0, 22: 0, 23: 0, 24: 0, 25: 0, 26: 0, 27: 0}"
135,"{0: 1, 1: 1, 2: 1, 3: 2, 4: 2, 5: 2, 6: 3, 7: 2, 8: 2, 9: 3, 10: 4, 11: 3, 12: 2, 13: 1, 14: 0, 15: 0, 16: 0, 17: 0, 18: 0, 19: 0, 20: 0, 21: 0, 22: 0, 23: 0, 24: 0, 25: 0, 26: 0, 27: 0}"
136,"{0: 1, 1: 1, 2: 1, 3: 1, 4: 1, 5: 1, 6: 1, 7: 1, 8: 1, 9: 1, 10: 1, 11: 0, 12: 0, 13: 0, 14: 0, 15: 0, 16: 0, 17: 0, 18: 0, 19: 0, 20: 0, 21: 0, 22: 0, 23: 0, 24: 0, 25: 0, 26: 0, 27: 0}"
137,"{0: 1, 1: 2, 2: 2, 3: 3, 4: 5, 5: 8, 6: 10, 7: 13, 8: 17, 9: 17, 10: 16, 11: 16, 12: 9, 13: 6, 14: 5, 15: 5, 16: 5, 17: 3, 18: 0, 19: 0, 20: 0, 21: 0, 22: 0, 23: 0, 24: 0, 25: 0, 26: 0, 27: 0}"
138,"{0: 1, 1: 1, 2: 2, 3: 3, 4: 4, 5: 4, 6: 4, 7: 4, 8: 4, 9: 4, 10: 2, 11: 3, 12: 2, 13: 1, 14: 0, 15: 0, 16: 0, 17: 0, 18: 0, 19: 0, 20: 0, 21: 0, 22: 0, 23: 0, 24: 0, 25: 0, 26: 0, 27: 0}"
139,"{0: 1, 1: 2, 2: 4, 3: 4, 4: 5, 5: 4, 6: 5, 7: 4, 8: 3, 9: 5, 10: 4, 11: 5, 12: 3, 13: 2, 14: 1, 15: 0, 16: 0, 17: 0, 18: 0, 19: 0, 20: 0, 21: 0, 22: 0, 23: 0, 24: 0, 25: 0, 26: 0, 27: 0}"
140,"{0: 1, 1: 2, 2: 3, 3: 3, 4: 3, 5: 3, 6: 2, 7: 3, 8: 2, 9: 2, 10: 3, 11: 3, 12: 3, 13: 2, 14: 0, 15: 0, 16: 0, 17: 0, 18: 0, 19: 0, 20: 0, 21: 0, 22: 0, 23: 0, 24: 0, 25: 0, 26: 0, 27: 0}"
141,"{0: 1, 1: 1, 2: 2, 3: 3, 4: 4, 5: 3, 6: 4, 7: 4, 8: 4, 9: 3, 10: 3, 11: 3, 12: 3, 13: 1, 14: 0, 15: 0, 16: 0, 17: 0, 18: 0, 19: 0, 20: 0, 21: 0, 22: 0, 23: 0, 24: 0, 25: 0, 26: 0, 27: 0}"
142,"{0: 1, 1: 1, 2: 2, 3: 3, 4: 4, 5: 4, 6: 3, 7: 2, 8: 2, 9: 3, 10: 3, 11: 4, 12: 3, 13: 2, 14: 0, 15: 0, 16: 0, 17: 0, 18: 0, 19: 0, 20: 0, 21: 0, 22: 0, 23: 0, 24: 0, 25: 0, 26: 0, 27: 0}"
143,"{0: 1, 1: 1, 2: 2, 3: 4, 4: 4, 5: 4, 6: 8, 7: 12, 8: 11, 9: 14, 10: 12, 11: 13, 12: 10, 13: 10, 14: 7, 15: 5, 16: 3, 17: 1, 18: 1, 19: 0, 20: 0, 21: 0, 22: 0, 23: 0, 24: 0, 25: 0, 26: 0, 27: 0}"
144,"{0: 1, 1: 1, 2: 1, 3: 1, 4: 1, 5: 1, 6: 1, 7: 1, 8: 1, 9: 1, 10: 1, 11: 0, 12: 0, 13: 0, 14: 0, 15: 0, 16: 0, 17: 0, 18: 0, 19: 0, 20: 0, 21: 0, 22: 0, 23: 0, 24: 0, 25: 0, 26: 0, 27: 0}"
145,"{0: 1, 1: 1, 2: 2, 3: 4, 4: 4, 5: 6, 6: 8, 7: 9, 8: 8, 9: 9, 10: 8, 11: 8, 12: 6, 13: 5, 14: 4, 15: 3, 16: 3, 17: 2, 18: 1, 19: 1, 20: 1, 21: 1, 22: 1, 23: 0, 24: 0, 25: 0, 26: 0, 27: 0}"
146,"{0: 1, 1: 1, 2: 1, 3: 1, 4: 1, 5: 1, 6: 1, 7: 1, 8: 1, 9: 1, 10: 1, 11: 1, 12: 1, 13: 0, 14: 0, 15: 0, 16: 0, 17: 0, 18: 0, 19: 0, 20: 0, 21: 0, 22: 0, 23: 0, 24: 0, 25: 0, 26: 0, 27: 0}"
147,"{0: 1, 1: 2, 2: 3, 3: 3, 4: 5, 5: 5, 6: 4, 7: 4, 8: 5, 9: 5, 10: 4, 11: 4, 12: 4, 13: 3, 14: 1, 15: 1, 16: 0, 17: 0, 18: 0, 19: 0, 20: 0, 21: 0, 22: 0, 23: 0, 24: 0, 25: 0, 26: 0, 27: 0}"
148,"{0: 1, 1: 2, 2: 2, 3: 3, 4: 4, 5: 6, 6: 11, 7: 13, 8: 16, 9: 15, 10: 12, 11: 10, 12: 6, 13: 4, 14: 3, 15: 1, 16: 0, 17: 0, 18: 0, 19: 0, 20: 0, 21: 0, 22: 0, 23: 0, 24: 0, 25: 0, 26: 0, 27: 0}"
149,"{0: 1, 1: 2, 2: 4, 3: 6, 4: 8, 5: 8, 6: 11, 7: 9, 8: 11, 9: 10, 10: 8, 11: 10, 12: 8, 13: 5, 14: 4, 15: 0, 16: 0, 17: 0, 18: 0, 19: 0, 20: 0, 21: 0, 22: 0, 23: 0, 24: 0, 25: 0, 26: 0, 27: 0}"
150,"{0: 1, 1: 1, 2: 1, 3: 1, 4: 1, 5: 2, 6: 3, 7: 3, 8: 2, 9: 3, 10: 3, 11: 4, 12: 2, 13: 0, 14: 0, 15: 0, 16: 0, 17: 0, 18: 0, 19: 0, 20: 0, 21: 0, 22: 0, 23: 0, 24: 0, 25: 0, 26: 0, 27: 0}"
151,"{0: 1, 1: 1, 2: 1, 3: 1, 4: 1, 5: 1, 6: 1, 7: 1, 8: 1, 9: 1, 10: 1, 11: 1, 12: 1, 13: 0, 14: 0, 15: 0, 16: 0, 17: 0, 18: 0, 19: 0, 20: 0, 21: 0, 22: 0, 23: 0, 24: 0, 25: 0, 26: 0, 27: 0}"
152,"{0: 1, 1: 1, 2: 2, 3: 4, 4: 5, 5: 6, 6: 6, 7: 5, 8: 6, 9: 4, 10: 4, 11: 5, 12: 4, 13: 3, 14: 3, 15: 4, 16: 5, 17: 5, 18: 4, 19: 3, 20: 2, 21: 1, 22: 0, 23: 0, 24: 0, 25: 0, 26: 0, 27: 0}"
153,"{0: 1, 1: 1, 2: 1, 3: 1, 4: 1, 5: 2, 6: 3, 7: 2, 8: 4, 9: 2, 10: 3, 11: 3, 12: 3, 13: 1, 14: 0, 15: 0, 16: 0, 17: 0, 18: 0, 19: 0, 20: 0, 21: 0, 22: 0, 23: 0, 24: 0, 25: 0, 26: 0, 27: 0}"
154,"{0: 1, 1: 1, 2: 1, 3: 2, 4: 2, 5: 4, 6: 6, 7: 9, 8: 8, 9: 10, 10: 13, 11: 15, 12: 14, 13: 11, 14: 9, 15: 8, 16: 8, 17: 8, 18: 4, 19: 2, 20: 0, 21: 0, 22: 0, 23: 0, 24: 0, 25: 0, 26: 0, 27: 0}"
155,"{0: 1, 1: 2, 2: 2, 3: 4, 4: 5, 5: 8, 6: 13, 7: 13, 8: 14, 9: 12, 10: 13, 11: 9, 12: 10, 13: 6, 14: 3, 15: 3, 16: 3, 17: 2, 18: 0, 19: 0, 20: 0, 21: 0, 22: 0, 23: 0, 24: 0, 25: 0, 26: 0, 27: 0}"
156,"{0: 1, 1: 1, 2: 1, 3: 1, 4: 1, 5: 1, 6: 1, 7: 1, 8: 1, 9: 1, 10: 1, 11: 0, 12: 0, 13: 0, 14: 0, 15: 0, 16: 0, 17: 0, 18: 0, 19: 0, 20: 0, 21: 0, 22: 0, 23: 0, 24: 0, 25: 0, 26: 0, 27: 0}"
157,"{0: 1, 1: 1, 2: 1, 3: 1, 4: 1, 5: 1, 6: 1, 7: 1, 8: 1, 9: 1, 10: 1, 11: 2, 12: 2, 13: 1, 14: 0, 15: 0, 16: 0, 17: 0, 18: 0, 19: 0, 20: 0, 21: 0, 22: 0, 23: 0, 24: 0, 25: 0, 26: 0, 27: 0}"
158,"{0: 1, 1: 1, 2: 1, 3: 1, 4: 2, 5: 4, 6: 4, 7: 2, 8: 3, 9: 1, 10: 1, 11: 2, 12: 1, 13: 0, 14: 0, 15: 0, 16: 0, 17: 0, 18: 0, 19: 0, 20: 0, 21: 0, 22: 0, 23: 0, 24: 0, 25: 0, 26: 0, 27: 0}"
159,"{0: 1, 1: 1, 2: 2, 3: 3, 4: 4, 5: 6, 6: 6, 7: 5, 8: 4, 9: 3, 10: 3, 11: 4, 12: 3, 13: 2, 14: 0, 15: 0, 16: 0, 17: 0, 18: 0, 19: 0, 20: 0, 21: 0, 22: 0, 23: 0, 24: 0, 25: 0, 26: 0, 27: 0}"
160,"{0: 1, 1: 1, 2: 2, 3: 2, 4: 3, 5: 5, 6: 5, 7: 6, 8: 7, 9: 10, 10: 14, 11: 14, 12: 17, 13: 15, 14: 17, 15: 16, 16: 15, 17: 10, 18: 9, 19: 8, 20: 4, 21: 2, 22: 1, 23: 1, 24: 0, 25: 0, 26: 0, 27: 0}"
161,"{0: 1, 1: 2, 2: 3, 3: 3, 4: 3, 5: 3, 6: 4, 7: 3, 8: 4, 9: 3, 10: 3, 11: 2, 12: 1, 13: 0, 14: 0, 15: 0, 16: 0, 17: 0, 18: 0, 19: 0, 20: 0, 21: 0, 22: 0, 23: 0, 24: 0, 25: 0, 26: 0, 27: 0}"
162,"{0: 1, 1: 2, 2: 3, 3: 4, 4: 5, 5: 6, 6: 8, 7: 8, 8: 7, 9: 7, 10: 6, 11: 5, 12: 3, 13: 1, 14: 0, 15: 0, 16: 0, 17: 0, 18: 0, 19: 0, 20: 0, 21: 0, 22: 0, 23: 0, 24: 0, 25: 0, 26: 0, 27: 0}"
163,"{0: 1, 1: 1, 2: 2, 3: 2, 4: 3, 5: 4, 6: 4, 7: 4, 8: 2, 9: 3, 10: 3, 11: 2, 12: 2, 13: 0, 14: 0, 15: 0, 16: 0, 17: 0, 18: 0, 19: 0, 20: 0, 21: 0, 22: 0, 23: 0, 24: 0, 25: 0, 26: 0, 27: 0}"
164,"{0: 1, 1: 1, 2: 2, 3: 2, 4: 3, 5: 4, 6: 4, 7: 2, 8: 3, 9: 2, 10: 4, 11: 3, 12: 1, 13: 0, 14: 0, 15: 0, 16: 0, 17: 0, 18: 0, 19: 0, 20: 0, 21: 0, 22: 0, 23: 0, 24: 0, 25: 0, 26: 0, 27: 0}"
165,"{0: 1, 1: 2, 2: 4, 3: 4, 4: 5, 5: 5, 6: 5, 7: 4, 8: 4, 9: 5, 10: 4, 11: 6, 12: 4, 13: 4, 14: 2, 15: 2, 16: 1, 17: 0, 18: 0, 19: 0, 20: 0, 21: 0, 22: 0, 23: 0, 24: 0, 25: 0, 26: 0, 27: 0}"
166,"{0: 1, 1: 1, 2: 1, 3: 1, 4: 1, 5: 1, 6: 1, 7: 1, 8: 1, 9: 1, 10: 1, 11: 1, 12: 1, 13: 0, 14: 0, 15: 0, 16: 0, 17: 0, 18: 0, 19: 0, 20: 0, 21: 0, 22: 0, 23: 0, 24: 0, 25: 0, 26: 0, 27: 0}"
167,"{0: 1, 1: 1, 2: 1, 3: 2, 4: 3, 5: 4, 6: 3, 7: 3, 8: 5, 9: 5, 10: 5, 11: 5, 12: 4, 13: 3, 14: 3, 15: 4, 16: 4, 17: 3, 18: 3, 19: 3, 20: 1, 21: 1, 22: 1, 23: 0, 24: 0, 25: 0, 26: 0, 27: 0}"
168,"{0: 1, 1: 1, 2: 1, 3: 2, 4: 3, 5: 3, 6: 4, 7: 6, 8: 9, 9: 8, 10: 11, 11: 10, 12: 9, 13: 9, 14: 8, 15: 4, 16: 4, 17: 3, 18: 1, 19: 0, 20: 0, 21: 0, 22: 0, 23: 0, 24: 0, 25: 0, 26: 0, 27: 0}"
169,"{0: 1, 1: 1, 2: 1, 3: 1, 4: 2, 5: 4, 6: 2, 7: 3, 8: 3, 9: 3, 10: 4, 11: 3, 12: 2, 13: 0, 14: 0, 15: 0, 16: 0, 17: 0, 18: 0, 19: 0, 20: 0, 21: 0, 22: 0, 23: 0, 24: 0, 25: 0, 26: 0, 27: 0}"
170,"{0: 1, 1: 2, 2: 3, 3: 5, 4: 7, 5: 11, 6: 13, 7: 14, 8: 14, 9: 17, 10: 16, 11: 13, 12: 9, 13: 4, 14: 3, 15: 2, 16: 1, 17: 0, 18: 0, 19: 0, 20: 0, 21: 0, 22: 0, 23: 0, 24: 0, 25: 0, 26: 0, 27: 0}"
171,"{0: 1, 1: 2, 2: 4, 3: 5, 4: 7, 5: 11, 6: 15, 7: 14, 8: 18, 9: 16, 10: 15, 11: 14, 12: 15, 13: 13, 14: 8, 15: 7, 16: 7, 17: 6, 18: 2, 19: 0, 20: 0, 21: 0, 22: 0, 23: 0, 24: 0, 25: 0, 26: 0, 27: 0}"
172,"{0: 1, 1: 1, 2: 2, 3: 4, 4: 3, 5: 3, 6: 3, 7: 2, 8: 2, 9: 3, 10: 3, 11: 3, 12: 1, 13: 1, 14: 0, 15: 0, 16: 0, 17: 0, 18: 0, 19: 0, 20: 0, 21: 0, 22: 0, 23: 0, 24: 0, 25: 0, 26: 0, 27: 0}"
173,"{0: 1, 1: 2, 2: 3, 3: 4, 4: 3, 5: 3, 6: 4, 7: 2, 8: 3, 9: 3, 10: 2, 11: 4, 12: 2, 13: 1, 14: 0, 15: 0, 16: 0, 17: 0, 18: 0, 19: 0, 20: 0, 21: 0, 22: 0, 23: 0, 24: 0, 25: 0, 26: 0, 27: 0}"
174,"{0: 1, 1: 1, 2: 1, 3: 1, 4: 1, 5: 1, 6: 1, 7: 1, 8: 1, 9: 1, 10: 1, 11: 1, 12: 1, 13: 0, 14: 0, 15: 0, 16: 0, 17: 0, 18: 0, 19: 0, 20: 0, 21: 0, 22: 0, 23: 0, 24: 0, 25: 0, 26: 0, 27: 0}"
175,"{0: 1, 1: 1, 2: 1, 3: 1, 4: 2, 5: 3, 6: 2, 7: 4, 8: 4, 9: 3, 10: 3, 11: 3, 12: 2, 13: 0, 14: 0, 15: 0, 16: 0, 17: 0, 18: 0, 19: 0, 20: 0, 21: 0, 22: 0, 23: 0, 24: 0, 25: 0, 26: 0, 27: 0}"
176,"{0: 1, 1: 1, 2: 1, 3: 1, 4: 1, 5: 1, 6: 1, 7: 1, 8: 1, 9: 1, 10: 1, 11: 1, 12: 1, 13: 0, 14: 0, 15: 0, 16: 0, 17: 0, 18: 0, 19: 0, 20: 0, 21: 0, 22: 0, 23: 0, 24: 0, 25: 0, 26: 0, 27: 0}"
177,"{0: 1, 1: 1, 2: 1, 3: 1, 4: 2, 5: 3, 6: 3, 7: 2, 8: 3, 9: 4, 10: 3, 11: 2, 12: 1, 13: 0, 14: 0, 15: 0, 16: 0, 17: 0, 18: 0, 19: 0, 20: 0, 21: 0, 22: 0, 23: 0, 24: 0, 25: 0, 26: 0, 27: 0}"
178,"{0: 1, 1: 1, 2: 1, 3: 1, 4: 2, 5: 2, 6: 4, 7: 2, 8: 3, 9: 4, 10: 3, 11: 4, 12: 3, 13: 2, 14: 0, 15: 0, 16: 0, 17: 0, 18: 0, 19: 0, 20: 0, 21: 0, 22: 0, 23: 0, 24: 0, 25: 0, 26: 0, 27: 0}"
179,"{0: 1, 1: 2, 2: 4, 3: 4, 4: 3, 5: 4, 6: 4, 7: 3, 8: 3, 9: 2, 10: 3, 11: 3, 12: 1, 13: 0, 14: 0, 15: 0, 16: 0, 17: 0, 18: 0, 19: 0, 20: 0, 21: 0, 22: 0, 23: 0, 24: 0, 25: 0, 26: 0, 27: 0}"
180,"{0: 1, 1: 2, 2: 3, 3: 5, 4: 7, 5: 9, 6: 12, 7: 14, 8: 15, 9: 14, 10: 14, 11: 14, 12: 14, 13: 13, 14: 11, 15: 6, 16: 4, 17: 3, 18: 1, 19: 0, 20: 0, 21: 0, 22: 0, 23: 0, 24: 0, 25: 0, 26: 0, 27: 0}"
181,"{0: 1, 1: 1, 2: 1, 3: 1, 4: 1, 5: 1, 6: 1, 7: 1, 8: 1, 9: 1, 10: 1, 11: 1, 12: 1, 13: 0, 14: 0, 15: 0, 16: 0, 17: 0, 18: 0, 19: 0, 20: 0, 21: 0, 22: 0, 23: 0, 24: 0, 25: 0, 26: 0, 27: 0}"
182,"{0: 1, 1: 2, 2: 3, 3: 5, 4: 7, 5: 10, 6: 12, 7: 14, 8: 16, 9: 11, 10: 10, 11: 8, 12: 6, 13: 5, 14: 3, 15: 2, 16: 1, 17: 0, 18: 0, 19: 0, 20: 0, 21: 0, 22: 0, 23: 0, 24: 0, 25: 0, 26: 0, 27: 0}"
183,"{0: 1, 1: 2, 2: 4, 3: 5, 4: 7, 5: 11, 6: 15, 7: 15, 8: 19, 9: 15, 10: 16, 11: 14, 12: 16, 13: 12, 14: 10, 15: 7, 16: 4, 17: 1, 18: 0, 19: 0, 20: 0, 21: 0, 22: 0, 23: 0, 24: 0, 25: 0, 26: 0, 27: 0}"
184,"{0: 1, 1: 1, 2: 2, 3: 4, 4: 3, 5: 4, 6: 3, 7: 3, 8: 3, 9: 2, 10: 3, 11: 1, 12: 0, 13: 0, 14: 0, 15: 0, 16: 0, 17: 0, 18: 0, 19: 0, 20: 0, 21: 0, 22: 0, 23: 0, 24: 0, 25: 0, 26: 0, 27: 0}"
185,"{0: 1, 1: 2, 2: 4, 3: 4, 4: 3, 5: 4, 6: 4, 7: 3, 8: 3, 9: 2, 10: 3, 11: 3, 12: 1, 13: 0, 14: 0, 15: 0, 16: 0, 17: 0, 18: 0, 19: 0, 20: 0, 21: 0, 22: 0, 23: 0, 24: 0, 25: 0, 26: 0, 27: 0}"
186,"{0: 1, 1: 2, 2: 3, 3: 4, 4: 3, 5: 4, 6: 3, 7: 4, 8: 3, 9: 2, 10: 3, 11: 2, 12: 2, 13: 1, 14: 0, 15: 0, 16: 0, 17: 0, 18: 0, 19: 0, 20: 0, 21: 0, 22: 0, 23: 0, 24: 0, 25: 0, 26: 0, 27: 0}"
187,"{0: 1, 1: 2, 2: 3, 3: 5, 4: 6, 5: 9, 6: 11, 7: 12, 8: 12, 9: 12, 10: 9, 11: 9, 12: 6, 13: 4, 14: 2, 15: 0, 16: 0, 17: 0, 18: 0, 19: 0, 20: 0, 21: 0, 22: 0, 23: 0, 24: 0, 25: 0, 26: 0, 27: 0}"
188,"{0: 1, 1: 1, 2: 1, 3: 2, 4: 2, 5: 3, 6: 4, 7: 4, 8: 5, 9: 7, 10: 8, 11: 10, 12: 9, 13: 7, 14: 6, 15: 4, 16: 1, 17: 0, 18: 0, 19: 0, 20: 0, 21: 0, 22: 0, 23: 0, 24: 0, 25: 0, 26: 0, 27: 0}"
189,"{0: 1, 1: 2, 2: 2, 3: 2, 4: 4, 5: 5, 6: 7, 7: 8, 8: 10, 9: 8, 10: 6, 11: 5, 12: 5, 13: 3, 14: 3, 15: 4, 16: 4, 17: 3, 18: 1, 19: 0, 20: 0, 21: 0, 22: 0, 23: 0, 24: 0, 25: 0, 26: 0, 27: 0}"
190,"{0: 1, 1: 2, 2: 4, 3: 5, 4: 4, 5: 4, 6: 5, 7: 3, 8: 3, 9: 5, 10: 4, 11: 5, 12: 4, 13: 3, 14: 1, 15: 0, 16: 0, 17: 0, 18: 0, 19: 0, 20: 0, 21: 0, 22: 0, 23: 0, 24: 0, 25: 0, 26: 0, 27: 0}"
191,"{0: 1, 1: 1, 2: 2, 3: 3, 4: 4, 5: 4, 6: 4, 7: 3, 8: 4, 9: 4, 10: 5, 11: 4, 12: 2, 13: 2, 14: 0, 15: 0, 16: 0, 17: 0, 18: 0, 19: 0, 20: 0, 21: 0, 22: 0, 23: 0, 24: 0, 25: 0, 26: 0, 27: 0}"
192,"{0: 1, 1: 1, 2: 1, 3: 1, 4: 1, 5: 1, 6: 1, 7: 1, 8: 1, 9: 1, 10: 1, 11: 1, 12: 1, 13: 1, 14: 0, 15: 0, 16: 0, 17: 0, 18: 0, 19: 0, 20: 0, 21: 0, 22: 0, 23: 0, 24: 0, 25: 0, 26: 0, 27: 0}"
193,"{0: 1, 1: 1, 2: 2, 3: 4, 4: 4, 5: 5, 6: 5, 7: 4, 8: 4, 9: 4, 10: 3, 11: 2, 12: 3, 13: 1, 14: 0, 15: 0, 16: 0, 17: 0, 18: 0, 19: 0, 20: 0, 21: 0, 22: 0, 23: 0, 24: 0, 25: 0, 26: 0, 27: 0}"
194,"{0: 1, 1: 1, 2: 1, 3: 1, 4: 1, 5: 1, 6: 1, 7: 2, 8: 4, 9: 2, 10: 3, 11: 2, 12: 2, 13: 1, 14: 0, 15: 0, 16: 0, 17: 0, 18: 0, 19: 0, 20: 0, 21: 0, 22: 0, 23: 0, 24: 0, 25: 0, 26: 0, 27: 0}"
195,"{0: 1, 1: 1, 2: 1, 3: 1, 4: 1, 5: 1, 6: 1, 7: 2, 8: 4, 9: 2, 10: 3, 11: 2, 12: 1, 13: 2, 14: 1, 15: 0, 16: 0, 17: 0, 18: 0, 19: 0, 20: 0, 21: 0, 22: 0, 23: 0, 24: 0, 25: 0, 26: 0, 27: 0}"
196,"{0: 1, 1: 1, 2: 1, 3: 1, 4: 1, 5: 1, 6: 1, 7: 2, 8: 4, 9: 2, 10: 3, 11: 2, 12: 2, 13: 1, 14: 0, 15: 0, 16: 0, 17: 0, 18: 0, 19: 0, 20: 0, 21: 0, 22: 0, 23: 0, 24: 0, 25: 0, 26: 0, 27: 0}"
197,"{0: 1, 1: 1, 2: 1, 3: 1, 4: 1, 5: 1, 6: 2, 7: 2, 8: 2, 9: 4, 10: 3, 11: 3, 12: 4, 13: 4, 14: 5, 15: 3, 16: 3, 17: 2, 18: 1, 19: 0, 20: 0, 21: 0, 22: 0, 23: 0, 24: 0, 25: 0, 26: 0, 27: 0}"
198,"{0: 1, 1: 1, 2: 1, 3: 1, 4: 1, 5: 1, 6: 1, 7: 1, 8: 1, 9: 1, 10: 1, 11: 1, 12: 0, 13: 0, 14: 0, 15: 0, 16: 0, 17: 0, 18: 0, 19: 0, 20: 0, 21: 0, 22: 0, 23: 0, 24: 0, 25: 0, 26: 0, 27: 0}"
199,"{0: 1, 1: 1, 2: 1, 3: 2, 4: 3, 5: 4, 6: 4, 7: 6, 8: 9, 9: 10, 10: 12, 11: 14, 12: 13, 13: 12, 14: 12, 15: 9, 16: 6, 17: 7, 18: 5, 19: 2, 20: 1, 21: 2, 22: 1, 23: 0, 24: 0, 25: 0, 26: 0, 27: 0}"
200,"{0: 1, 1: 1, 2: 1, 3: 1, 4: 1, 5: 1, 6: 1, 7: 1, 8: 1, 9: 1, 10: 1, 11: 1, 12: 1, 13: 1, 14: 0, 15: 0, 16: 0, 17: 0, 18: 0, 19: 0, 20: 0, 21: 0, 22: 0, 23: 0, 24: 0, 25: 0, 26: 0, 27: 0}"
201,"{0: 1, 1: 1, 2: 1, 3: 1, 4: 1, 5: 1, 6: 1, 7: 2, 8: 4, 9: 2, 10: 3, 11: 2, 12: 2, 13: 1, 14: 0, 15: 0, 16: 0, 17: 0, 18: 0, 19: 0, 20: 0, 21: 0, 22: 0, 23: 0, 24: 0, 25: 0, 26: 0, 27: 0}"
202,"{0: 1, 1: 1, 2: 1, 3: 2, 4: 3, 5: 4, 6: 5, 7: 6, 8: 8, 9: 11, 10: 15, 11: 17, 12: 18, 13: 17, 14: 15, 15: 12, 16: 10, 17: 7, 18: 4, 19: 3, 20: 1, 21: 0, 22: 0, 23: 0, 24: 0, 25: 0, 26: 0, 27: 0}"
203,"{0: 1, 1: 1, 2: 2, 3: 4, 4: 5, 5: 9, 6: 11, 7: 12, 8: 10, 9: 8, 10: 6, 11: 7, 12: 5, 13: 4, 14: 2, 15: 1, 16: 0, 17: 0, 18: 0, 19: 0, 20: 0, 21: 0, 22: 0, 23: 0, 24: 0, 25: 0, 26: 0, 27: 0}"
204,"{0: 1, 1: 1, 2: 1, 3: 1, 4: 1, 5: 1, 6: 1, 7: 1, 8: 1, 9: 1, 10: 1, 11: 1, 12: 1, 13: 0, 14: 0, 15: 0, 16: 0, 17: 0, 18: 0, 19: 0, 20: 0, 21: 0, 22: 0, 23: 0, 24: 0, 25: 0, 26: 0, 27: 0}"
205,"{0: 1, 1: 1, 2: 1, 3: 1, 4: 2, 5: 3, 6: 3, 7: 4, 8: 4, 9: 4, 10: 3, 11: 3, 12: 3, 13: 1, 14: 0, 15: 0, 16: 0, 17: 0, 18: 0, 19: 0, 20: 0, 21: 0, 22: 0, 23: 0, 24: 0, 25: 0, 26: 0, 27: 0}"
206,"{0: 1, 1: 1, 2: 1, 3: 1, 4: 1, 5: 1, 6: 1, 7: 1, 8: 1, 9: 1, 10: 1, 11: 1, 12: 1, 13: 0, 14: 0, 15: 0, 16: 0, 17: 0, 18: 0, 19: 0, 20: 0, 21: 0, 22: 0, 23: 0, 24: 0, 25: 0, 26: 0, 27: 0}"
207,"{0: 1, 1: 1, 2: 2, 3: 3, 4: 4, 5: 5, 6: 9, 7: 8, 8: 9, 9: 11, 10: 10, 11: 11, 12: 9, 13: 7, 14: 4, 15: 2, 16: 1, 17: 0, 18: 0, 19: 0, 20: 0, 21: 0, 22: 0, 23: 0, 24: 0, 25: 0, 26: 0, 27: 0}"
208,"{0: 1, 1: 2, 2: 2, 3: 3, 4: 4, 5: 3, 6: 4, 7: 4, 8: 7, 9: 5, 10: 5, 11: 6, 12: 3, 13: 1, 14: 1, 15: 1, 16: 0, 17: 0, 18: 0, 19: 0, 20: 0, 21: 0, 22: 0, 23: 0, 24: 0, 25: 0, 26: 0, 27: 0}"
209,"{0: 1, 1: 1, 2: 1, 3: 1, 4: 1, 5: 1, 6: 1, 7: 1, 8: 1, 9: 1, 10: 1, 11: 1, 12: 1, 13: 0, 14: 0, 15: 0, 16: 0, 17: 0, 18: 0, 19: 0, 20: 0, 21: 0, 22: 0, 23: 0, 24: 0, 25: 0, 26: 0, 27: 0}"
210,"{0: 1, 1: 1, 2: 1, 3: 1, 4: 2, 5: 3, 6: 3, 7: 4, 8: 4, 9: 4, 10: 3, 11: 3, 12: 3, 13: 1, 14: 0, 15: 0, 16: 0, 17: 0, 18: 0, 19: 0, 20: 0, 21: 0, 22: 0, 23: 0, 24: 0, 25: 0, 26: 0, 27: 0}"
211,"{0: 1, 1: 2, 2: 3, 3: 3, 4: 4, 5: 4, 6: 5, 7: 5, 8: 5, 9: 5, 10: 6, 11: 6, 12: 6, 13: 4, 14: 4, 15: 5, 16: 7, 17: 7, 18: 6, 19: 4, 20: 3, 21: 2, 22: 1, 23: 0, 24: 0, 25: 0, 26: 0, 27: 0}"
212,"{0: 1, 1: 2, 2: 3, 3: 5, 4: 7, 5: 12, 6: 15, 7: 20, 8: 21, 9: 21, 10: 20, 11: 22, 12: 19, 13: 15, 14: 9, 15: 6, 16: 5, 17: 5, 18: 4, 19: 5, 20: 5, 21: 2, 22: 0, 23: 0, 24: 0, 25: 0, 26: 0, 27: 0}"
213,"{0: 1, 1: 1, 2: 2, 3: 3, 4: 3, 5: 3, 6: 3, 7: 4, 8: 4, 9: 4, 10: 3, 11: 3, 12: 3, 13: 1, 14: 0, 15: 0, 16: 0, 17: 0, 18: 0, 19: 0, 20: 0, 21: 0, 22: 0, 23: 0, 24: 0, 25: 0, 26: 0, 27: 0}"
214,"{0: 1, 1: 1, 2: 1, 3: 1, 4: 2, 5: 2, 6: 3, 7: 3, 8: 3, 9: 4, 10: 3, 11: 3, 12: 3, 13: 2, 14: 0, 15: 0, 16: 0, 17: 0, 18: 0, 19: 0, 20: 0, 21: 0, 22: 0, 23: 0, 24: 0, 25: 0, 26: 0, 27: 0}"
215,"{0: 1, 1: 1, 2: 2, 3: 4, 4: 3, 5: 4, 6: 3, 7: 3, 8: 2, 9: 4, 10: 3, 11: 2, 12: 3, 13: 1, 14: 0, 15: 0, 16: 0, 17: 0, 18: 0, 19: 0, 20: 0, 21: 0, 22: 0, 23: 0, 24: 0, 25: 0, 26: 0, 27: 0}"
216,"{0: 1, 1: 2, 2: 3, 3: 5, 4: 4, 5: 4, 6: 4, 7: 3, 8: 3, 9: 4, 10: 5, 11: 4, 12: 3, 13: 2, 14: 1, 15: 0, 16: 0, 17: 0, 18: 0, 19: 0, 20: 0, 21: 0, 22: 0, 23: 0, 24: 0, 25: 0, 26: 0, 27: 0}"
217,"{0: 1, 1: 1, 2: 1, 3: 1, 4: 2, 5: 3, 6: 3, 7: 3, 8: 4, 9: 3, 10: 3, 11: 2, 12: 1, 13: 0, 14: 0, 15: 0, 16: 0, 17: 0, 18: 0, 19: 0, 20: 0, 21: 0, 22: 0, 23: 0, 24: 0, 25: 0, 26: 0, 27: 0}"
218,"{0: 1, 1: 1, 2: 1, 3: 1, 4: 2, 5: 3, 6: 3, 7: 4, 8: 4, 9: 4, 10: 3, 11: 3, 12: 3, 13: 1, 14: 0, 15: 0, 16: 0, 17: 0, 18: 0, 19: 0, 20: 0, 21: 0, 22: 0, 23: 0, 24: 0, 25: 0, 26: 0, 27: 0}"
219,"{0: 1, 1: 1, 2: 1, 3: 1, 4: 1, 5: 1, 6: 1, 7: 1, 8: 1, 9: 1, 10: 1, 11: 1, 12: 1, 13: 0, 14: 0, 15: 0, 16: 0, 17: 0, 18: 0, 19: 0, 20: 0, 21: 0, 22: 0, 23: 0, 24: 0, 25: 0, 26: 0, 27: 0}"
220,"{0: 1, 1: 1, 2: 1, 3: 2, 4: 4, 5: 4, 6: 6, 7: 7, 8: 8, 9: 10, 10: 9, 11: 10, 12: 10, 13: 12, 14: 6, 15: 4, 16: 5, 17: 3, 18: 2, 19: 1, 20: 1, 21: 2, 22: 1, 23: 0, 24: 0, 25: 0, 26: 0, 27: 0}"
221,"{0: 1, 1: 2, 2: 4, 3: 5, 4: 4, 5: 5, 6: 4, 7: 5, 8: 4, 9: 3, 10: 5, 11: 5, 12: 3, 13: 1, 14: 1, 15: 0, 16: 0, 17: 0, 18: 0, 19: 0, 20: 0, 21: 0, 22: 0, 23: 0, 24: 0, 25: 0, 26: 0, 27: 0}"
222,"{0: 1, 1: 1, 2: 1, 3: 1, 4: 1, 5: 1, 6: 2, 7: 3, 8: 4, 9: 6, 10: 5, 11: 6, 12: 5, 13: 3, 14: 3, 15: 2, 16: 1, 17: 0, 18: 0, 19: 0, 20: 0, 21: 0, 22: 0, 23: 0, 24: 0, 25: 0, 26: 0, 27: 0}"
223,"{0: 1, 1: 2, 2: 4, 3: 4, 4: 3, 5: 3, 6: 4, 7: 2, 8: 2, 9: 4, 10: 3, 11: 4, 12: 3, 13: 2, 14: 0, 15: 0, 16: 0, 17: 0, 18: 0, 19: 0, 20: 0, 21: 0, 22: 0, 23: 0, 24: 0, 25: 0, 26: 0, 27: 0}"
224,"{0: 1, 1: 1, 2: 2, 3: 3, 4: 4, 5: 6, 6: 8, 7: 11, 8: 12, 9: 15, 10: 14, 11: 14, 12: 11, 13: 13, 14: 11, 15: 7, 16: 4, 17: 0, 18: 0, 19: 0, 20: 0, 21: 0, 22: 0, 23: 0, 24: 0, 25: 0, 26: 0, 27: 0}"
225,"{0: 1, 1: 2, 2: 3, 3: 5, 4: 5, 5: 8, 6: 12, 7: 14, 8: 14, 9: 16, 10: 14, 11: 12, 12: 11, 13: 7, 14: 5, 15: 3, 16: 1, 17: 1, 18: 0, 19: 0, 20: 0, 21: 0, 22: 0, 23: 0, 24: 0, 25: 0, 26: 0, 27: 0}"
226,"{0: 1, 1: 2, 2: 4, 3: 6, 4: 9, 5: 14, 6: 17, 7: 16, 8: 16, 9: 17, 10: 16, 11: 15, 12: 11, 13: 11, 14: 9, 15: 6, 16: 3, 17: 1, 18: 0, 19: 0, 20: 0, 21: 0, 22: 0, 23: 0, 24: 0, 25: 0, 26: 0, 27: 0}"
227,"{0: 1, 1: 1, 2: 2, 3: 3, 4: 3, 5: 4, 6: 5, 7: 7, 8: 6, 9: 9, 10: 7, 11: 11, 12: 7, 13: 9, 14: 6, 15: 4, 16: 2, 17: 1, 18: 0, 19: 0, 20: 0, 21: 0, 22: 0, 23: 0, 24: 0, 25: 0, 26: 0, 27: 0}"
228,"{0: 1, 1: 1, 2: 1, 3: 1, 4: 1, 5: 1, 6: 2, 7: 2, 8: 3, 9: 4, 10: 2, 11: 4, 12: 2, 13: 1, 14: 0, 15: 0, 16: 0, 17: 0, 18: 0, 19: 0, 20: 0, 21: 0, 22: 0, 23: 0, 24: 0, 25: 0, 26: 0, 27: 0}"
229,"{0: 1, 1: 2, 2: 2, 3: 4, 4: 3, 5: 3, 6: 3, 7: 3, 8: 3, 9: 2, 10: 4, 11: 2, 12: 3, 13: 2, 14: 0, 15: 0, 16: 0, 17: 0, 18: 0, 19: 0, 20: 0, 21: 0, 22: 0, 23: 0, 24: 0, 25: 0, 26: 0, 27: 0}"
230,"{0: 1, 1: 1, 2: 1, 3: 1, 4: 1, 5: 2, 6: 3, 7: 3, 8: 2, 9: 3, 10: 3, 11: 4, 12: 2, 13: 0, 14: 0, 15: 0, 16: 0, 17: 0, 18: 0, 19: 0, 20: 0, 21: 0, 22: 0, 23: 0, 24: 0, 25: 0, 26: 0, 27: 0}"
231,"{0: 1, 1: 1, 2: 2, 3: 3, 4: 3, 5: 4, 6: 6, 7: 8, 8: 10, 9: 14, 10: 14, 11: 15, 12: 15, 13: 14, 14: 8, 15: 5, 16: 2, 17: 3, 18: 1, 19: 1, 20: 0, 21: 0, 22: 0, 23: 0, 24: 0, 25: 0, 26: 0, 27: 0}"
232,"{0: 1, 1: 2, 2: 3, 3: 5, 4: 8, 5: 13, 6: 17, 7: 20, 8: 19, 9: 15, 10: 15, 11: 14, 12: 11, 13: 11, 14: 9, 15: 5, 16: 5, 17: 2, 18: 0, 19: 0, 20: 0, 21: 0, 22: 0, 23: 0, 24: 0, 25: 0, 26: 0, 27: 0}"
233,"{0: 1, 1: 2, 2: 3, 3: 3, 4: 4, 5: 2, 6: 3, 7: 3, 8: 4, 9: 2, 10: 2, 11: 1, 12: 1, 13: 1, 14: 0, 15: 0, 16: 0, 17: 0, 18: 0, 19: 0, 20: 0, 21: 0, 22: 0, 23: 0, 24: 0, 25: 0, 26: 0, 27: 0}"
234,"{0: 1, 1: 1, 2: 1, 3: 1, 4: 1, 5: 1, 6: 1, 7: 1, 8: 1, 9: 2, 10: 3, 11: 5, 12: 6, 13: 7, 14: 10, 15: 9, 16: 6, 17: 4, 18: 0, 19: 0, 20: 0, 21: 0, 22: 0, 23: 0, 24: 0, 25: 0, 26: 0, 27: 0}"
235,"{0: 1, 1: 1, 2: 1, 3: 1, 4: 1, 5: 1, 6: 1, 7: 1, 8: 1, 9: 1, 10: 1, 11: 1, 12: 1, 13: 0, 14: 0, 15: 0, 16: 0, 17: 0, 18: 0, 19: 0, 20: 0, 21: 0, 22: 0, 23: 0, 24: 0, 25: 0, 26: 0, 27: 0}"
236,"{0: 1, 1: 1, 2: 2, 3: 3, 4: 2, 5: 3, 6: 4, 7: 3, 8: 2, 9: 2, 10: 4, 11: 3, 12: 1, 13: 0, 14: 0, 15: 0, 16: 0, 17: 0, 18: 0, 19: 0, 20: 0, 21: 0, 22: 0, 23: 0, 24: 0, 25: 0, 26: 0, 27: 0}"
237,"{0: 1, 1: 1, 2: 1, 3: 1, 4: 1, 5: 1, 6: 1, 7: 1, 8: 1, 9: 1, 10: 1, 11: 1, 12: 1, 13: 0, 14: 0, 15: 0, 16: 0, 17: 0, 18: 0, 19: 0, 20: 0, 21: 0, 22: 0, 23: 0, 24: 0, 25: 0, 26: 0, 27: 0}"
238,"{0: 1, 1: 2, 2: 4, 3: 4, 4: 3, 5: 3, 6: 4, 7: 3, 8: 4, 9: 2, 10: 3, 11: 2, 12: 1, 13: 0, 14: 0, 15: 0, 16: 0, 17: 0, 18: 0, 19: 0, 20: 0, 21: 0, 22: 0, 23: 0, 24: 0, 25: 0, 26: 0, 27: 0}"
239,"{0: 1, 1: 2, 2: 3, 3: 4, 4: 3, 5: 4, 6: 3, 7: 3, 8: 2, 9: 3, 10: 3, 11: 3, 12: 2, 13: 1, 14: 0, 15: 0, 16: 0, 17: 0, 18: 0, 19: 0, 20: 0, 21: 0, 22: 0, 23: 0, 24: 0, 25: 0, 26: 0, 27: 0}"
240,"{0: 1, 1: 2, 2: 3, 3: 5, 4: 6, 5: 8, 6: 10, 7: 16, 8: 20, 9: 22, 10: 23, 11: 23, 12: 19, 13: 11, 14: 7, 15: 2, 16: 0, 17: 0, 18: 0, 19: 0, 20: 0, 21: 0, 22: 0, 23: 0, 24: 0, 25: 0, 26: 0, 27: 0}"
241,"{0: 1, 1: 1, 2: 1, 3: 1, 4: 1, 5: 1, 6: 1, 7: 1, 8: 1, 9: 1, 10: 1, 11: 1, 12: 1, 13: 0, 14: 0, 15: 0, 16: 0, 17: 0, 18: 0, 19: 0, 20: 0, 21: 0, 22: 0, 23: 0, 24: 0, 25: 0, 26: 0, 27: 0}"
242,"{0: 1, 1: 2, 2: 4, 3: 6, 4: 7, 5: 6, 6: 9, 7: 9, 8: 12, 9: 11, 10: 9, 11: 9, 12: 9, 13: 8, 14: 7, 15: 4, 16: 1, 17: 0, 18: 0, 19: 0, 20: 0, 21: 0, 22: 0, 23: 0, 24: 0, 25: 0, 26: 0, 27: 0}"
243,"{0: 1, 1: 1, 2: 1, 3: 2, 4: 2, 5: 3, 6: 3, 7: 2, 8: 2, 9: 4, 10: 3, 11: 3, 12: 3, 13: 2, 14: 0, 15: 0, 16: 0, 17: 0, 18: 0, 19: 0, 20: 0, 21: 0, 22: 0, 23: 0, 24: 0, 25: 0, 26: 0, 27: 0}"
244,"{0: 1, 1: 2, 2: 4, 3: 6, 4: 4, 5: 5, 6: 5, 7: 5, 8: 4, 9: 5, 10: 6, 11: 3, 12: 1, 13: 0, 14: 0, 15: 0, 16: 0, 17: 0, 18: 0, 19: 0, 20: 0, 21: 0, 22: 0, 23: 0, 24: 0, 25: 0, 26: 0, 27: 0}"
245,"{0: 1, 1: 1, 2: 1, 3: 1, 4: 1, 5: 2, 6: 3, 7: 4, 8: 5, 9: 6, 10: 6, 11: 7, 12: 7, 13: 6, 14: 6, 15: 6, 16: 3, 17: 3, 18: 3, 19: 3, 20: 1, 21: 0, 22: 0, 23: 0, 24: 0, 25: 0, 26: 0, 27: 0}"
246,"{0: 1, 1: 1, 2: 1, 3: 2, 4: 3, 5: 3, 6: 4, 7: 3, 8: 3, 9: 5, 10: 5, 11: 4, 12: 4, 13: 4, 14: 4, 15: 5, 16: 4, 17: 0, 18: 0, 19: 0, 20: 0, 21: 0, 22: 0, 23: 0, 24: 0, 25: 0, 26: 0, 27: 0}"
247,"{0: 1, 1: 2, 2: 3, 3: 3, 4: 3, 5: 4, 6: 4, 7: 4, 8: 4, 9: 5, 10: 6, 11: 5, 12: 5, 13: 3, 14: 1, 15: 0, 16: 0, 17: 0, 18: 0, 19: 0, 20: 0, 21: 0, 22: 0, 23: 0, 24: 0, 25: 0, 26: 0, 27: 0}"
248,"{0: 1, 1: 1, 2: 2, 3: 3, 4: 5, 5: 5, 6: 5, 7: 5, 8: 3, 9: 3, 10: 2, 11: 3, 12: 1, 13: 1, 14: 0, 15: 0, 16: 0, 17: 0, 18: 0, 19: 0, 20: 0, 21: 0, 22: 0, 23: 0, 24: 0, 25: 0, 26: 0, 27: 0}"
249,"{0: 1, 1: 1, 2: 1, 3: 1, 4: 2, 5: 3, 6: 4, 7: 6, 8: 9, 9: 12, 10: 14, 11: 17, 12: 16, 13: 13, 14: 12, 15: 10, 16: 9, 17: 7, 18: 6, 19: 2, 20: 1, 21: 1, 22: 0, 23: 0, 24: 0, 25: 0, 26: 0, 27: 0}"
250,"{0: 1, 1: 2, 2: 3, 3: 4, 4: 4, 5: 5, 6: 4, 7: 4, 8: 3, 9: 4, 10: 4, 11: 5, 12: 3, 13: 2, 14: 1, 15: 1, 16: 0, 17: 0, 18: 0, 19: 0, 20: 0, 21: 0, 22: 0, 23: 0, 24: 0, 25: 0, 26: 0, 27: 0}"
251,"{0: 1, 1: 1, 2: 1, 3: 1, 4: 1, 5: 2, 6: 3, 7: 3, 8: 3, 9: 3, 10: 3, 11: 2, 12: 1, 13: 0, 14: 0, 15: 0, 16: 0, 17: 0, 18: 0, 19: 0, 20: 0, 21: 0, 22: 0, 23: 0, 24: 0, 25: 0, 26: 0, 27: 0}"
252,"{0: 1, 1: 1, 2: 2, 3: 4, 4: 3, 5: 3, 6: 3, 7: 2, 8: 2, 9: 3, 10: 3, 11: 3, 12: 1, 13: 1, 14: 0, 15: 0, 16: 0, 17: 0, 18: 0, 19: 0, 20: 0, 21: 0, 22: 0, 23: 0, 24: 0, 25: 0, 26: 0, 27: 0}"
253,"{0: 1, 1: 1, 2: 1, 3: 1, 4: 1, 5: 2, 6: 3, 7: 4, 8: 4, 9: 5, 10: 6, 11: 7, 12: 6, 13: 7, 14: 6, 15: 6, 16: 5, 17: 3, 18: 3, 19: 4, 20: 3, 21: 3, 22: 3, 23: 1, 24: 0, 25: 0, 26: 0, 27: 0}"
254,"{0: 1, 1: 2, 2: 3, 3: 4, 4: 4, 5: 4, 6: 4, 7: 2, 8: 2, 9: 3, 10: 3, 11: 3, 12: 2, 13: 1, 14: 0, 15: 0, 16: 0, 17: 0, 18: 0, 19: 0, 20: 0, 21: 0, 22: 0, 23: 0, 24: 0, 25: 0, 26: 0, 27: 0}"
255,"{0: 1, 1: 2, 2: 4, 3: 5, 4: 3, 5: 4, 6: 5, 7: 4, 8: 4, 9: 3, 10: 5, 11: 4, 12: 3, 13: 1, 14: 1, 15: 0, 16: 0, 17: 0, 18: 0, 19: 0, 20: 0, 21: 0, 22: 0, 23: 0, 24: 0, 25: 0, 26: 0, 27: 0}"
256,"{0: 1, 1: 1, 2: 2, 3: 4, 4: 3, 5: 3, 6: 3, 7: 2, 8: 2, 9: 3, 10: 3, 11: 3, 12: 1, 13: 1, 14: 0, 15: 0, 16: 0, 17: 0, 18: 0, 19: 0, 20: 0, 21: 0, 22: 0, 23: 0, 24: 0, 25: 0, 26: 0, 27: 0}"
257,"{0: 1, 1: 2, 2: 3, 3: 4, 4: 3, 5: 3, 6: 4, 7: 3, 8: 4, 9: 2, 10: 2, 11: 3, 12: 1, 13: 0, 14: 0, 15: 0, 16: 0, 17: 0, 18: 0, 19: 0, 20: 0, 21: 0, 22: 0, 23: 0, 24: 0, 25: 0, 26: 0, 27: 0}"
258,"{0: 1, 1: 1, 2: 1, 3: 2, 4: 3, 5: 4, 6: 4, 7: 6, 8: 10, 9: 12, 10: 14, 11: 18, 12: 19, 13: 19, 14: 19, 15: 15, 16: 9, 17: 6, 18: 3, 19: 2, 20: 1, 21: 0, 22: 0, 23: 0, 24: 0, 25: 0, 26: 0, 27: 0}"
259,"{0: 1, 1: 1, 2: 1, 3: 1, 4: 1, 5: 1, 6: 1, 7: 1, 8: 1, 9: 1, 10: 1, 11: 1, 12: 1, 13: 0, 14: 0, 15: 0, 16: 0, 17: 0, 18: 0, 19: 0, 20: 0, 21: 0, 22: 0, 23: 0, 24: 0, 25: 0, 26: 0, 27: 0}"
260,"{0: 1, 1: 2, 2: 4, 3: 3, 4: 4, 5: 4, 6: 3, 7: 2, 8: 2, 9: 3, 10: 3, 11: 4, 12: 3, 13: 2, 14: 0, 15: 0, 16: 0, 17: 0, 18: 0, 19: 0, 20: 0, 21: 0, 22: 0, 23: 0, 24: 0, 25: 0, 26: 0, 27: 0}"
261,"{0: 1, 1: 2, 2: 3, 3: 3, 4: 3, 5: 3, 6: 4, 7: 3, 8: 4, 9: 3, 10: 3, 11: 2, 12: 1, 13: 0, 14: 0, 15: 0, 16: 0, 17: 0, 18: 0, 19: 0, 20: 0, 21: 0, 22: 0, 23: 0, 24: 0, 25: 0, 26: 0, 27: 0}"
262,"{0: 1, 1: 2, 2: 2, 3: 3, 4: 4, 5: 3, 6: 3, 7: 2, 8: 3, 9: 3, 10: 2, 11: 2, 12: 3, 13: 2, 14: 0, 15: 0, 16: 0, 17: 0, 18: 0, 19: 0, 20: 0, 21: 0, 22: 0, 23: 0, 24: 0, 25: 0, 26: 0, 27: 0}"
263,"{0: 1, 1: 1, 2: 1, 3: 1, 4: 1, 5: 1, 6: 1, 7: 1, 8: 1, 9: 1, 10: 1, 11: 1, 12: 1, 13: 0, 14: 0, 15: 0, 16: 0, 17: 0, 18: 0, 19: 0, 20: 0, 21: 0, 22: 0, 23: 0, 24: 0, 25: 0, 26: 0, 27: 0}"
264,"{0: 1, 1: 1, 2: 2, 3: 4, 4: 3, 5: 3, 6: 2, 7: 2, 8: 3, 9: 3, 10: 3, 11: 3, 12: 1, 13: 1, 14: 0, 15: 0, 16: 0, 17: 0, 18: 0, 19: 0, 20: 0, 21: 0, 22: 0, 23: 0, 24: 0, 25: 0, 26: 0, 27: 0}"
265,"{0: 1, 1: 1, 2: 2, 3: 3, 4: 4, 5: 6, 6: 6, 7: 5, 8: 4, 9: 3, 10: 3, 11: 4, 12: 3, 13: 2, 14: 0, 15: 0, 16: 0, 17: 0, 18: 0, 19: 0, 20: 0, 21: 0, 22: 0, 23: 0, 24: 0, 25: 0, 26: 0, 27: 0}"
266,"{0: 1, 1: 1, 2: 2, 3: 3, 4: 2, 5: 2, 6: 4, 7: 3, 8: 3, 9: 2, 10: 4, 11: 2, 12: 1, 13: 0, 14: 0, 15: 0, 16: 0, 17: 0, 18: 0, 19: 0, 20: 0, 21: 0, 22: 0, 23: 0, 24: 0, 25: 0, 26: 0, 27: 0}"
267,"{0: 1, 1: 1, 2: 2, 3: 2, 4: 3, 5: 4, 6: 5, 7: 6, 8: 5, 9: 7, 10: 6, 11: 7, 12: 6, 13: 3, 14: 1, 15: 1, 16: 1, 17: 1, 18: 1, 19: 0, 20: 0, 21: 0, 22: 0, 23: 0, 24: 0, 25: 0, 26: 0, 27: 0}"
268,"{0: 1, 1: 2, 2: 3, 3: 3, 4: 3, 5: 4, 6: 3, 7: 2, 8: 3, 9: 3, 10: 2, 11: 2, 12: 1, 13: 0, 14: 0, 15: 0, 16: 0, 17: 0, 18: 0, 19: 0, 20: 0, 21: 0, 22: 0, 23: 0, 24: 0, 25: 0, 26: 0, 27: 0}"
269,"{0: 1, 1: 2, 2: 4, 3: 5, 4: 7, 5: 11, 6: 15, 7: 16, 8: 16, 9: 16, 10: 14, 11: 9, 12: 8, 13: 6, 14: 2, 15: 1, 16: 1, 17: 0, 18: 0, 19: 0, 20: 0, 21: 0, 22: 0, 23: 0, 24: 0, 25: 0, 26: 0, 27: 0}"
270,"{0: 1, 1: 1, 2: 1, 3: 2, 4: 3, 5: 2, 6: 2, 7: 2, 8: 3, 9: 4, 10: 3, 11: 4, 12: 3, 13: 1, 14: 0, 15: 0, 16: 0, 17: 0, 18: 0, 19: 0, 20: 0, 21: 0, 22: 0, 23: 0, 24: 0, 25: 0, 26: 0, 27: 0}"
271,"{0: 1, 1: 2, 2: 3, 3: 5, 4: 6, 5: 8, 6: 10, 7: 11, 8: 10, 9: 10, 10: 8, 11: 9, 12: 8, 13: 6, 14: 4, 15: 3, 16: 1, 17: 1, 18: 1, 19: 1, 20: 0, 21: 0, 22: 0, 23: 0, 24: 0, 25: 0, 26: 0, 27: 0}"
272,"{0: 1, 1: 2, 2: 2, 3: 3, 4: 2, 5: 2, 6: 2, 7: 4, 8: 2, 9: 4, 10: 3, 11: 3, 12: 3, 13: 1, 14: 0, 15: 0, 16: 0, 17: 0, 18: 0, 19: 0, 20: 0, 21: 0, 22: 0, 23: 0, 24: 0, 25: 0, 26: 0, 27: 0}"
273,"{0: 1, 1: 1, 2: 1, 3: 1, 4: 1, 5: 1, 6: 1, 7: 2, 8: 3, 9: 3, 10: 4, 11: 5, 12: 5, 13: 5, 14: 5, 15: 5, 16: 6, 17: 5, 18: 6, 19: 7, 20: 4, 21: 3, 22: 2, 23: 0, 24: 0, 25: 0, 26: 0, 27: 0}"
274,"{0: 1, 1: 2, 2: 4, 3: 5, 4: 6, 5: 10, 6: 14, 7: 11, 8: 13, 9: 12, 10: 13, 11: 10, 12: 9, 13: 8, 14: 6, 15: 2, 16: 2, 17: 1, 18: 0, 19: 0, 20: 0, 21: 0, 22: 0, 23: 0, 24: 0, 25: 0, 26: 0, 27: 0}"
275,"{0: 1, 1: 1, 2: 1, 3: 2, 4: 2, 5: 2, 6: 3, 7: 2, 8: 3, 9: 2, 10: 4, 11: 2, 12: 2, 13: 1, 14: 0, 15: 0, 16: 0, 17: 0, 18: 0, 19: 0, 20: 0, 21: 0, 22: 0, 23: 0, 24: 0, 25: 0, 26: 0, 27: 0}"
276,"{0: 1, 1: 1, 2: 1, 3: 1, 4: 2, 5: 3, 6: 4, 7: 5, 8: 7, 9: 10, 10: 10, 11: 11, 12: 10, 13: 11, 14: 11, 15: 12, 16: 11, 17: 9, 18: 7, 19: 6, 20: 4, 21: 4, 22: 4, 23: 1, 24: 0, 25: 0, 26: 0, 27: 0}"
277,"{0: 1, 1: 1, 2: 1, 3: 1, 4: 2, 5: 3, 6: 3, 7: 3, 8: 4, 9: 3, 10: 3, 11: 2, 12: 1, 13: 0, 14: 0, 15: 0, 16: 0, 17: 0, 18: 0, 19: 0, 20: 0, 21: 0, 22: 0, 23: 0, 24: 0, 25: 0, 26: 0, 27: 0}"
278,"{0: 1, 1: 2, 2: 4, 3: 6, 4: 9, 5: 13, 6: 18, 7: 18, 8: 18, 9: 19, 10: 19, 11: 19, 12: 18, 13: 17, 14: 15, 15: 14, 16: 13, 17: 11, 18: 7, 19: 4, 20: 2, 21: 1, 22: 0, 23: 0, 24: 0, 25: 0, 26: 0, 27: 0}"
279,"{0: 1, 1: 1, 2: 2, 3: 4, 4: 6, 5: 10, 6: 14, 7: 17, 8: 19, 9: 18, 10: 15, 11: 14, 12: 13, 13: 12, 14: 10, 15: 10, 16: 6, 17: 6, 18: 5, 19: 3, 20: 2, 21: 2, 22: 2, 23: 1, 24: 0, 25: 0, 26: 0, 27: 0}"
280,"{0: 1, 1: 2, 2: 3, 3: 4, 4: 4, 5: 3, 6: 3, 7: 2, 8: 3, 9: 3, 10: 2, 11: 4, 12: 2, 13: 1, 14: 0, 15: 0, 16: 0, 17: 0, 18: 0, 19: 0, 20: 0, 21: 0, 22: 0, 23: 0, 24: 0, 25: 0, 26: 0, 27: 0}"
281,"{0: 1, 1: 1, 2: 2, 3: 4, 4: 3, 5: 3, 6: 4, 7: 4, 8: 4, 9: 4, 10: 3, 11: 3, 12: 3, 13: 2, 14: 0, 15: 0, 16: 0, 17: 0, 18: 0, 19: 0, 20: 0, 21: 0, 22: 0, 23: 0, 24: 0, 25: 0, 26: 0, 27: 0}"
282,"{0: 1, 1: 1, 2: 1, 3: 1, 4: 1, 5: 1, 6: 1, 7: 2, 8: 4, 9: 5, 10: 6, 11: 9, 12: 11, 13: 10, 14: 11, 15: 10, 16: 11, 17: 7, 18: 6, 19: 3, 20: 2, 21: 0, 22: 0, 23: 0, 24: 0, 25: 0, 26: 0, 27: 0}"
283,"{0: 1, 1: 1, 2: 1, 3: 2, 4: 3, 5: 3, 6: 2, 7: 2, 8: 4, 9: 3, 10: 3, 11: 1, 12: 1, 13: 0, 14: 0, 15: 0, 16: 0, 17: 0, 18: 0, 19: 0, 20: 0, 21: 0, 22: 0, 23: 0, 24: 0, 25: 0, 26: 0, 27: 0}"
284,"{0: 1, 1: 2, 2: 3, 3: 4, 4: 4, 5: 5, 6: 4, 7: 5, 8: 5, 9: 5, 10: 6, 11: 6, 12: 6, 13: 5, 14: 4, 15: 5, 16: 6, 17: 7, 18: 6, 19: 4, 20: 3, 21: 2, 22: 1, 23: 0, 24: 0, 25: 0, 26: 0, 27: 0}"
285,"{0: 1, 1: 2, 2: 3, 3: 4, 4: 7, 5: 7, 6: 9, 7: 9, 8: 9, 9: 10, 10: 8, 11: 9, 12: 7, 13: 5, 14: 5, 15: 4, 16: 1, 17: 1, 18: 1, 19: 0, 20: 0, 21: 0, 22: 0, 23: 0, 24: 0, 25: 0, 26: 0, 27: 0}"
286,"{0: 1, 1: 1, 2: 2, 3: 2, 4: 3, 5: 5, 6: 7, 7: 9, 8: 9, 9: 11, 10: 10, 11: 10, 12: 9, 13: 7, 14: 3, 15: 3, 16: 3, 17: 3, 18: 1, 19: 0, 20: 0, 21: 0, 22: 0, 23: 0, 24: 0, 25: 0, 26: 0, 27: 0}"
287,"{0: 1, 1: 2, 2: 2, 3: 2, 4: 3, 5: 4, 6: 5, 7: 7, 8: 7, 9: 7, 10: 7, 11: 8, 12: 8, 13: 8, 14: 3, 15: 2, 16: 1, 17: 1, 18: 1, 19: 1, 20: 0, 21: 0, 22: 0, 23: 0, 24: 0, 25: 0, 26: 0, 27: 0}"
288,"{0: 1, 1: 1, 2: 2, 3: 4, 4: 3, 5: 3, 6: 3, 7: 2, 8: 2, 9: 3, 10: 3, 11: 3, 12: 1, 13: 1, 14: 0, 15: 0, 16: 0, 17: 0, 18: 0, 19: 0, 20: 0, 21: 0, 22: 0, 23: 0, 24: 0, 25: 0, 26: 0, 27: 0}"
289,"{0: 1, 1: 1, 2: 2, 3: 3, 4: 3, 5: 3, 6: 4, 7: 2, 8: 4, 9: 2, 10: 4, 11: 2, 12: 1, 13: 0, 14: 0, 15: 0, 16: 0, 17: 0, 18: 0, 19: 0, 20: 0, 21: 0, 22: 0, 23: 0, 24: 0, 25: 0, 26: 0, 27: 0}"
290,"{0: 1, 1: 1, 2: 1, 3: 2, 4: 2, 5: 2, 6: 4, 7: 3, 8: 4, 9: 3, 10: 3, 11: 2, 12: 2, 13: 1, 14: 0, 15: 0, 16: 0, 17: 0, 18: 0, 19: 0, 20: 0, 21: 0, 22: 0, 23: 0, 24: 0, 25: 0, 26: 0, 27: 0}"
291,"{0: 1, 1: 2, 2: 4, 3: 5, 4: 5, 5: 7, 6: 6, 7: 8, 8: 9, 9: 11, 10: 10, 11: 9, 12: 11, 13: 6, 14: 2, 15: 2, 16: 0, 17: 0, 18: 0, 19: 0, 20: 0, 21: 0, 22: 0, 23: 0, 24: 0, 25: 0, 26: 0, 27: 0}"
292,"{0: 1, 1: 1, 2: 2, 3: 3, 4: 4, 5: 5, 6: 8, 7: 10, 8: 14, 9: 16, 10: 18, 11: 16, 12: 12, 13: 9, 14: 8, 15: 7, 16: 4, 17: 1, 18: 0, 19: 0, 20: 0, 21: 0, 22: 0, 23: 0, 24: 0, 25: 0, 26: 0, 27: 0}"
293,"{0: 1, 1: 2, 2: 4, 3: 5, 4: 9, 5: 11, 6: 12, 7: 14, 8: 15, 9: 17, 10: 15, 11: 15, 12: 10, 13: 9, 14: 6, 15: 2, 16: 0, 17: 0, 18: 0, 19: 0, 20: 0, 21: 0, 22: 0, 23: 0, 24: 0, 25: 0, 26: 0, 27: 0}"
294,"{0: 1, 1: 1, 2: 1, 3: 1, 4: 1, 5: 1, 6: 1, 7: 2, 8: 4, 9: 2, 10: 3, 11: 2, 12: 2, 13: 1, 14: 0, 15: 0, 16: 0, 17: 0, 18: 0, 19: 0, 20: 0, 21: 0, 22: 0, 23: 0, 24: 0, 25: 0, 26: 0, 27: 0}"
295,"{0: 1, 1: 1, 2: 1, 3: 1, 4: 2, 5: 3, 6: 3, 7: 3, 8: 2, 9: 4, 10: 4, 11: 3, 12: 3, 13: 1, 14: 0, 15: 0, 16: 0, 17: 0, 18: 0, 19: 0, 20: 0, 21: 0, 22: 0, 23: 0, 24: 0, 25: 0, 26: 0, 27: 0}"
296,"{0: 1, 1: 2, 2: 4, 3: 4, 4: 2, 5: 4, 6: 3, 7: 4, 8: 3, 9: 3, 10: 3, 11: 4, 12: 2, 13: 1, 14: 0, 15: 0, 16: 0, 17: 0, 18: 0, 19: 0, 20: 0, 21: 0, 22: 0, 23: 0, 24: 0, 25: 0, 26: 0, 27: 0}"
297,"{0: 1, 1: 1, 2: 1, 3: 1, 4: 1, 5: 1, 6: 1, 7: 1, 8: 1, 9: 1, 10: 1, 11: 1, 12: 0, 13: 0, 14: 0, 15: 0, 16: 0, 17: 0, 18: 0, 19: 0, 20: 0, 21: 0, 22: 0, 23: 0, 24: 0, 25: 0, 26: 0, 27: 0}"
298,"{0: 1, 1: 2, 2: 3, 3: 5, 4: 5, 5: 7, 6: 11, 7: 12, 8: 11, 9: 12, 10: 10, 11: 8, 12: 8, 13: 5, 14: 4, 15: 3, 16: 1, 17: 1, 18: 1, 19: 0, 20: 0, 21: 0, 22: 0, 23: 0, 24: 0, 25: 0, 26: 0, 27: 0}"
299,"{0: 1, 1: 1, 2: 1, 3: 1, 4: 2, 5: 4, 6: 3, 7: 4, 8: 3, 9: 4, 10: 3, 11: 4, 12: 3, 13: 1, 14: 0, 15: 0, 16: 0, 17: 0, 18: 0, 19: 0, 20: 0, 21: 0, 22: 0, 23: 0, 24: 0, 25: 0, 26: 0, 27: 0}"
300,"{0: 1, 1: 2, 2: 4, 3: 6, 4: 7, 5: 11, 6: 16, 7: 14, 8: 13, 9: 12, 10: 11, 11: 11, 12: 10, 13: 10, 14: 8, 15: 5, 16: 2, 17: 0, 18: 0, 19: 0, 20: 0, 21: 0, 22: 0, 23: 0, 24: 0, 25: 0, 26: 0, 27: 0}"
301,"{0: 1, 1: 2, 2: 4, 3: 5, 4: 9, 5: 13, 6: 15, 7: 17, 8: 16, 9: 17, 10: 18, 11: 18, 12: 14, 13: 17, 14: 11, 15: 6, 16: 3, 17: 1, 18: 1, 19: 1, 20: 0, 21: 0, 22: 0, 23: 0, 24: 0, 25: 0, 26: 0, 27: 0}"
302,"{0: 1, 1: 1, 2: 1, 3: 2, 4: 2, 5: 2, 6: 4, 7: 3, 8: 4, 9: 3, 10: 2, 11: 3, 12: 1, 13: 0, 14: 0, 15: 0, 16: 0, 17: 0, 18: 0, 19: 0, 20: 0, 21: 0, 22: 0, 23: 0, 24: 0, 25: 0, 26: 0, 27: 0}"
303,"{0: 1, 1: 2, 2: 3, 3: 5, 4: 7, 5: 12, 6: 15, 7: 19, 8: 19, 9: 19, 10: 17, 11: 16, 12: 16, 13: 14, 14: 9, 15: 4, 16: 2, 17: 2, 18: 1, 19: 0, 20: 0, 21: 0, 22: 0, 23: 0, 24: 0, 25: 0, 26: 0, 27: 0}"
304,"{0: 1, 1: 1, 2: 1, 3: 1, 4: 1, 5: 1, 6: 1, 7: 1, 8: 1, 9: 2, 10: 3, 11: 3, 12: 3, 13: 2, 14: 0, 15: 0, 16: 0, 17: 0, 18: 0, 19: 0, 20: 0, 21: 0, 22: 0, 23: 0, 24: 0, 25: 0, 26: 0, 27: 0}"
305,"{0: 1, 1: 1, 2: 2, 3: 3, 4: 4, 5: 4, 6: 4, 7: 2, 8: 4, 9: 2, 10: 4, 11: 3, 12: 3, 13: 2, 14: 0, 15: 0, 16: 0, 17: 0, 18: 0, 19: 0, 20: 0, 21: 0, 22: 0, 23: 0, 24: 0, 25: 0, 26: 0, 27: 0}"
306,"{0: 1, 1: 1, 2: 2, 3: 2, 4: 4, 5: 6, 6: 8, 7: 11, 8: 18, 9: 20, 10: 20, 11: 15, 12: 17, 13: 11, 14: 9, 15: 7, 16: 5, 17: 2, 18: 0, 19: 0, 20: 0, 21: 0, 22: 0, 23: 0, 24: 0, 25: 0, 26: 0, 27: 0}"
307,"{0: 1, 1: 2, 2: 3, 3: 4, 4: 7, 5: 10, 6: 13, 7: 15, 8: 16, 9: 19, 10: 16, 11: 17, 12: 15, 13: 12, 14: 7, 15: 5, 16: 1, 17: 1, 18: 0, 19: 0, 20: 0, 21: 0, 22: 0, 23: 0, 24: 0, 25: 0, 26: 0, 27: 0}"
308,"{0: 1, 1: 2, 2: 2, 3: 3, 4: 3, 5: 4, 6: 3, 7: 4, 8: 4, 9: 5, 10: 7, 11: 6, 12: 6, 13: 4, 14: 4, 15: 5, 16: 5, 17: 4, 18: 3, 19: 5, 20: 6, 21: 5, 22: 2, 23: 0, 24: 0, 25: 0, 26: 0, 27: 0}"
309,"{0: 1, 1: 2, 2: 3, 3: 4, 4: 4, 5: 3, 6: 3, 7: 3, 8: 4, 9: 2, 10: 2, 11: 1, 12: 0, 13: 0, 14: 0, 15: 0, 16: 0, 17: 0, 18: 0, 19: 0, 20: 0, 21: 0, 22: 0, 23: 0, 24: 0, 25: 0, 26: 0, 27: 0}"
310,"{0: 1, 1: 2, 2: 2, 3: 3, 4: 3, 5: 4, 6: 6, 7: 7, 8: 9, 9: 10, 10: 12, 11: 13, 12: 10, 13: 9, 14: 6, 15: 3, 16: 0, 17: 0, 18: 0, 19: 0, 20: 0, 21: 0, 22: 0, 23: 0, 24: 0, 25: 0, 26: 0, 27: 0}"
311,"{0: 1, 1: 1, 2: 2, 3: 2, 4: 4, 5: 4, 6: 3, 7: 4, 8: 3, 9: 4, 10: 5, 11: 4, 12: 4, 13: 2, 14: 1, 15: 0, 16: 0, 17: 0, 18: 0, 19: 0, 20: 0, 21: 0, 22: 0, 23: 0, 24: 0, 25: 0, 26: 0, 27: 0}"
312,"{0: 1, 1: 2, 2: 4, 3: 6, 4: 9, 5: 15, 6: 14, 7: 15, 8: 15, 9: 13, 10: 16, 11: 17, 12: 16, 13: 17, 14: 13, 15: 8, 16: 4, 17: 1, 18: 1, 19: 0, 20: 0, 21: 0, 22: 0, 23: 0, 24: 0, 25: 0, 26: 0, 27: 0}"
313,"{0: 1, 1: 2, 2: 4, 3: 4, 4: 3, 5: 3, 6: 4, 7: 2, 8: 3, 9: 3, 10: 3, 11: 3, 12: 2, 13: 1, 14: 0, 15: 0, 16: 0, 17: 0, 18: 0, 19: 0, 20: 0, 21: 0, 22: 0, 23: 0, 24: 0, 25: 0, 26: 0, 27: 0}"
314,"{0: 1, 1: 1, 2: 1, 3: 1, 4: 2, 5: 2, 6: 3, 7: 4, 8: 3, 9: 4, 10: 4, 11: 2, 12: 3, 13: 2, 14: 0, 15: 0, 16: 0, 17: 0, 18: 0, 19: 0, 20: 0, 21: 0, 22: 0, 23: 0, 24: 0, 25: 0, 26: 0, 27: 0}"
315,"{0: 1, 1: 1, 2: 1, 3: 1, 4: 1, 5: 1, 6: 2, 7: 2, 8: 3, 9: 4, 10: 2, 11: 3, 12: 3, 13: 2, 14: 0, 15: 0, 16: 0, 17: 0, 18: 0, 19: 0, 20: 0, 21: 0, 22: 0, 23: 0, 24: 0, 25: 0, 26: 0, 27: 0}"
316,"{0: 1, 1: 1, 2: 1, 3: 1, 4: 2, 5: 2, 6: 4, 7: 2, 8: 3, 9: 4, 10: 3, 11: 3, 12: 3, 13: 1, 14: 0, 15: 0, 16: 0, 17: 0, 18: 0, 19: 0, 20: 0, 21: 0, 22: 0, 23: 0, 24: 0, 25: 0, 26: 0, 27: 0}"
317,"{0: 1, 1: 2, 2: 3, 3: 4, 4: 4, 5: 4, 6: 5, 7: 4, 8: 6, 9: 5, 10: 5, 11: 7, 12: 5, 13: 4, 14: 4, 15: 5, 16: 6, 17: 7, 18: 6, 19: 4, 20: 3, 21: 2, 22: 1, 23: 0, 24: 0, 25: 0, 26: 0, 27: 0}"
318,"{0: 1, 1: 1, 2: 1, 3: 1, 4: 1, 5: 2, 6: 2, 7: 2, 8: 3, 9: 4, 10: 5, 11: 6, 12: 7, 13: 8, 14: 9, 15: 7, 16: 4, 17: 1, 18: 0, 19: 0, 20: 0, 21: 0, 22: 0, 23: 0, 24: 0, 25: 0, 26: 0, 27: 0}"
319,"{0: 1, 1: 2, 2: 4, 3: 5, 4: 9, 5: 14, 6: 16, 7: 21, 8: 20, 9: 17, 10: 15, 11: 13, 12: 7, 13: 6, 14: 5, 15: 5, 16: 3, 17: 1, 18: 0, 19: 0, 20: 0, 21: 0, 22: 0, 23: 0, 24: 0, 25: 0, 26: 0, 27: 0}"
320,"{0: 1, 1: 2, 2: 3, 3: 3, 4: 3, 5: 4, 6: 3, 7: 4, 8: 3, 9: 2, 10: 3, 11: 2, 12: 2, 13: 1, 14: 0, 15: 0, 16: 0, 17: 0, 18: 0, 19: 0, 20: 0, 21: 0, 22: 0, 23: 0, 24: 0, 25: 0, 26: 0, 27: 0}"
321,"{0: 1, 1: 2, 2: 4, 3: 3, 4: 4, 5: 4, 6: 4, 7: 4, 8: 3, 9: 2, 10: 2, 11: 2, 12: 1, 13: 0, 14: 0, 15: 0, 16: 0, 17: 0, 18: 0, 19: 0, 20: 0, 21: 0, 22: 0, 23: 0, 24: 0, 25: 0, 26: 0, 27: 0}"
322,"{0: 1, 1: 1, 2: 2, 3: 4, 4: 3, 5: 3, 6: 3, 7: 2, 8: 2, 9: 3, 10: 3, 11: 3, 12: 1, 13: 1, 14: 0, 15: 0, 16: 0, 17: 0, 18: 0, 19: 0, 20: 0, 21: 0, 22: 0, 23: 0, 24: 0, 25: 0, 26: 0, 27: 0}"
323,"{0: 1, 1: 2, 2: 3, 3: 3, 4: 4, 5: 6, 6: 7, 7: 8, 8: 9, 9: 9, 10: 10, 11: 9, 12: 8, 13: 4, 14: 4, 15: 2, 16: 0, 17: 0, 18: 0, 19: 0, 20: 0, 21: 0, 22: 0, 23: 0, 24: 0, 25: 0, 26: 0, 27: 0}"
324,"{0: 1, 1: 1, 2: 1, 3: 1, 4: 1, 5: 1, 6: 1, 7: 1, 8: 1, 9: 1, 10: 1, 11: 1, 12: 1, 13: 0, 14: 0, 15: 0, 16: 0, 17: 0, 18: 0, 19: 0, 20: 0, 21: 0, 22: 0, 23: 0, 24: 0, 25: 0, 26: 0, 27: 0}"
325,"{0: 1, 1: 2, 2: 2, 3: 2, 4: 3, 5: 4, 6: 6, 7: 7, 8: 6, 9: 7, 10: 7, 11: 3, 12: 1, 13: 2, 14: 1, 15: 1, 16: 0, 17: 0, 18: 0, 19: 0, 20: 0, 21: 0, 22: 0, 23: 0, 24: 0, 25: 0, 26: 0, 27: 0}"
326,"{0: 1, 1: 1, 2: 1, 3: 2, 4: 2, 5: 4, 6: 3, 7: 4, 8: 5, 9: 4, 10: 5, 11: 4, 12: 3, 13: 1, 14: 1, 15: 1, 16: 2, 17: 2, 18: 1, 19: 0, 20: 0, 21: 0, 22: 0, 23: 0, 24: 0, 25: 0, 26: 0, 27: 0}"
327,"{0: 1, 1: 2, 2: 4, 3: 5, 4: 6, 5: 6, 6: 6, 7: 6, 8: 6, 9: 6, 10: 7, 11: 4, 12: 4, 13: 3, 14: 3, 15: 4, 16: 4, 17: 3, 18: 3, 19: 3, 20: 1, 21: 1, 22: 1, 23: 0, 24: 0, 25: 0, 26: 0, 27: 0}"
328,"{0: 1, 1: 1, 2: 1, 3: 1, 4: 2, 5: 3, 6: 3, 7: 5, 8: 8, 9: 9, 10: 11, 11: 16, 12: 15, 13: 14, 14: 14, 15: 11, 16: 8, 17: 2, 18: 2, 19: 0, 20: 0, 21: 0, 22: 0, 23: 0, 24: 0, 25: 0, 26: 0, 27: 0}"
329,"{0: 1, 1: 2, 2: 3, 3: 4, 4: 4, 5: 4, 6: 4, 7: 5, 8: 5, 9: 6, 10: 5, 11: 6, 12: 4, 13: 4, 14: 4, 15: 5, 16: 6, 17: 7, 18: 6, 19: 4, 20: 3, 21: 2, 22: 1, 23: 0, 24: 0, 25: 0, 26: 0, 27: 0}"
330,"{0: 1, 1: 1, 2: 1, 3: 1, 4: 1, 5: 1, 6: 1, 7: 2, 8: 4, 9: 2, 10: 3, 11: 2, 12: 2, 13: 1, 14: 0, 15: 0, 16: 0, 17: 0, 18: 0, 19: 0, 20: 0, 21: 0, 22: 0, 23: 0, 24: 0, 25: 0, 26: 0, 27: 0}"
331,"{0: 1, 1: 1, 2: 1, 3: 2, 4: 3, 5: 3, 6: 2, 7: 3, 8: 3, 9: 2, 10: 3, 11: 2, 12: 1, 13: 1, 14: 0, 15: 0, 16: 0, 17: 0, 18: 0, 19: 0, 20: 0, 21: 0, 22: 0, 23: 0, 24: 0, 25: 0, 26: 0, 27: 0}"
332,"{0: 1, 1: 1, 2: 2, 3: 3, 4: 4, 5: 7, 6: 10, 7: 11, 8: 12, 9: 15, 10: 14, 11: 14, 12: 10, 13: 8, 14: 5, 15: 2, 16: 1, 17: 1, 18: 1, 19: 0, 20: 0, 21: 0, 22: 0, 23: 0, 24: 0, 25: 0, 26: 0, 27: 0}"
333,"{0: 1, 1: 1, 2: 2, 3: 3, 4: 3, 5: 4, 6: 4, 7: 3, 8: 3, 9: 3, 10: 3, 11: 4, 12: 3, 13: 2, 14: 0, 15: 0, 16: 0, 17: 0, 18: 0, 19: 0, 20: 0, 21: 0, 22: 0, 23: 0, 24: 0, 25: 0, 26: 0, 27: 0}"
334,"{0: 1, 1: 2, 2: 2, 3: 3, 4: 2, 5: 3, 6: 4, 7: 3, 8: 3, 9: 2, 10: 3, 11: 4, 12: 2, 13: 1, 14: 0, 15: 0, 16: 0, 17: 0, 18: 0, 19: 0, 20: 0, 21: 0, 22: 0, 23: 0, 24: 0, 25: 0, 26: 0, 27: 0}"
335,"{0: 1, 1: 2, 2: 3, 3: 5, 4: 8, 5: 13, 6: 16, 7: 19, 8: 19, 9: 16, 10: 15, 11: 14, 12: 10, 13: 11, 14: 7, 15: 6, 16: 3, 17: 1, 18: 0, 19: 0, 20: 0, 21: 0, 22: 0, 23: 0, 24: 0, 25: 0, 26: 0, 27: 0}"
336,"{0: 1, 1: 1, 2: 1, 3: 1, 4: 2, 5: 3, 6: 3, 7: 3, 8: 4, 9: 3, 10: 3, 11: 2, 12: 1, 13: 0, 14: 0, 15: 0, 16: 0, 17: 0, 18: 0, 19: 0, 20: 0, 21: 0, 22: 0, 23: 0, 24: 0, 25: 0, 26: 0, 27: 0}"
337,"{0: 1, 1: 2, 2: 4, 3: 5, 4: 6, 5: 10, 6: 15, 7: 15, 8: 18, 9: 17, 10: 16, 11: 15, 12: 18, 13: 13, 14: 11, 15: 8, 16: 4, 17: 1, 18: 0, 19: 0, 20: 0, 21: 0, 22: 0, 23: 0, 24: 0, 25: 0, 26: 0, 27: 0}"
338,"{0: 1, 1: 1, 2: 1, 3: 2, 4: 2, 5: 2, 6: 3, 7: 2, 8: 2, 9: 3, 10: 4, 11: 3, 12: 2, 13: 2, 14: 0, 15: 0, 16: 0, 17: 0, 18: 0, 19: 0, 20: 0, 21: 0, 22: 0, 23: 0, 24: 0, 25: 0, 26: 0, 27: 0}"
339,"{0: 1, 1: 1, 2: 1, 3: 1, 4: 2, 5: 3, 6: 5, 7: 7, 8: 8, 9: 11, 10: 13, 11: 11, 12: 9, 13: 9, 14: 9, 15: 9, 16: 7, 17: 2, 18: 0, 19: 0, 20: 0, 21: 0, 22: 0, 23: 0, 24: 0, 25: 0, 26: 0, 27: 0}"
340,"{0: 1, 1: 1, 2: 1, 3: 1, 4: 2, 5: 4, 6: 3, 7: 4, 8: 3, 9: 4, 10: 3, 11: 4, 12: 3, 13: 1, 14: 0, 15: 0, 16: 0, 17: 0, 18: 0, 19: 0, 20: 0, 21: 0, 22: 0, 23: 0, 24: 0, 25: 0, 26: 0, 27: 0}"
341,"{0: 1, 1: 1, 2: 1, 3: 1, 4: 1, 5: 1, 6: 1, 7: 1, 8: 1, 9: 1, 10: 1, 11: 1, 12: 1, 13: 0, 14: 0, 15: 0, 16: 0, 17: 0, 18: 0, 19: 0, 20: 0, 21: 0, 22: 0, 23: 0, 24: 0, 25: 0, 26: 0, 27: 0}"
342,"{0: 1, 1: 1, 2: 1, 3: 1, 4: 1, 5: 1, 6: 1, 7: 2, 8: 4, 9: 2, 10: 3, 11: 2, 12: 2, 13: 1, 14: 0, 15: 0, 16: 0, 17: 0, 18: 0, 19: 0, 20: 0, 21: 0, 22: 0, 23: 0, 24: 0, 25: 0, 26: 0, 27: 0}"
343,"{0: 1, 1: 2, 2: 2, 3: 3, 4: 5, 5: 5, 6: 6, 7: 8, 8: 10, 9: 11, 10: 9, 11: 7, 12: 8, 13: 9, 14: 5, 15: 3, 16: 1, 17: 0, 18: 0, 19: 0, 20: 0, 21: 0, 22: 0, 23: 0, 24: 0, 25: 0, 26: 0, 27: 0}"
344,"{0: 1, 1: 1, 2: 1, 3: 2, 4: 2, 5: 3, 6: 4, 7: 4, 8: 4, 9: 5, 10: 6, 11: 6, 12: 6, 13: 6, 14: 6, 15: 5, 16: 3, 17: 1, 18: 0, 19: 0, 20: 0, 21: 0, 22: 0, 23: 0, 24: 0, 25: 0, 26: 0, 27: 0}"
345,"{0: 1, 1: 1, 2: 2, 3: 3, 4: 3, 5: 4, 6: 4, 7: 3, 8: 3, 9: 3, 10: 3, 11: 4, 12: 3, 13: 2, 14: 0, 15: 0, 16: 0, 17: 0, 18: 0, 19: 0, 20: 0, 21: 0, 22: 0, 23: 0, 24: 0, 25: 0, 26: 0, 27: 0}"
346,"{0: 1, 1: 1, 2: 1, 3: 2, 4: 3, 5: 3, 6: 2, 7: 2, 8: 2, 9: 2, 10: 2, 11: 2, 12: 2, 13: 1, 14: 0, 15: 0, 16: 0, 17: 0, 18: 0, 19: 0, 20: 0, 21: 0, 22: 0, 23: 0, 24: 0, 25: 0, 26: 0, 27: 0}"
347,"{0: 1, 1: 2, 2: 4, 3: 5, 4: 6, 5: 7, 6: 12, 7: 11, 8: 12, 9: 10, 10: 11, 11: 9, 12: 9, 13: 9, 14: 7, 15: 3, 16: 1, 17: 1, 18: 0, 19: 0, 20: 0, 21: 0, 22: 0, 23: 0, 24: 0, 25: 0, 26: 0, 27: 0}"
348,"{0: 1, 1: 1, 2: 2, 3: 3, 4: 3, 5: 2, 6: 3, 7: 3, 8: 2, 9: 4, 10: 3, 11: 4, 12: 2, 13: 1, 14: 0, 15: 0, 16: 0, 17: 0, 18: 0, 19: 0, 20: 0, 21: 0, 22: 0, 23: 0, 24: 0, 25: 0, 26: 0, 27: 0}"
349,"{0: 1, 1: 1, 2: 1, 3: 2, 4: 3, 5: 2, 6: 3, 7: 4, 8: 2, 9: 3, 10: 1, 11: 1, 12: 0, 13: 0, 14: 0, 15: 0, 16: 0, 17: 0, 18: 0, 19: 0, 20: 0, 21: 0, 22: 0, 23: 0, 24: 0, 25: 0, 26: 0, 27: 0}"
350,"{0: 1, 1: 2, 2: 3, 3: 4, 4: 6, 5: 9, 6: 11, 7: 11, 8: 13, 9: 14, 10: 13, 11: 8, 12: 6, 13: 5, 14: 4, 15: 2, 16: 0, 17: 0, 18: 0, 19: 0, 20: 0, 21: 0, 22: 0, 23: 0, 24: 0, 25: 0, 26: 0, 27: 0}"
351,"{0: 1, 1: 1, 2: 2, 3: 3, 4: 3, 5: 3, 6: 3, 7: 3, 8: 4, 9: 3, 10: 3, 11: 3, 12: 2, 13: 1, 14: 0, 15: 0, 16: 0, 17: 0, 18: 0, 19: 0, 20: 0, 21: 0, 22: 0, 23: 0, 24: 0, 25: 0, 26: 0, 27: 0}"
352,"{0: 1, 1: 1, 2: 2, 3: 3, 4: 3, 5: 4, 6: 4, 7: 3, 8: 3, 9: 3, 10: 3, 11: 4, 12: 3, 13: 2, 14: 0, 15: 0, 16: 0, 17: 0, 18: 0, 19: 0, 20: 0, 21: 0, 22: 0, 23: 0, 24: 0, 25: 0, 26: 0, 27: 0}"
353,"{0: 1, 1: 2, 2: 3, 3: 3, 4: 4, 5: 3, 6: 4, 7: 4, 8: 5, 9: 4, 10: 5, 11: 5, 12: 4, 13: 4, 14: 3, 15: 4, 16: 6, 17: 7, 18: 6, 19: 6, 20: 6, 21: 3, 22: 1, 23: 0, 24: 0, 25: 0, 26: 0, 27: 0}"
354,"{0: 1, 1: 2, 2: 3, 3: 3, 4: 5, 5: 3, 6: 3, 7: 3, 8: 3, 9: 4, 10: 3, 11: 3, 12: 3, 13: 3, 14: 4, 15: 5, 16: 4, 17: 1, 18: 0, 19: 0, 20: 0, 21: 0, 22: 0, 23: 0, 24: 0, 25: 0, 26: 0, 27: 0}"
355,"{0: 1, 1: 2, 2: 2, 3: 3, 4: 5, 5: 6, 6: 9, 7: 13, 8: 16, 9: 16, 10: 15, 11: 16, 12: 15, 13: 12, 14: 12, 15: 9, 16: 8, 17: 6, 18: 2, 19: 0, 20: 0, 21: 0, 22: 0, 23: 0, 24: 0, 25: 0, 26: 0, 27: 0}"
356,"{0: 1, 1: 1, 2: 1, 3: 1, 4: 1, 5: 1, 6: 1, 7: 1, 8: 1, 9: 1, 10: 1, 11: 1, 12: 1, 13: 0, 14: 0, 15: 0, 16: 0, 17: 0, 18: 0, 19: 0, 20: 0, 21: 0, 22: 0, 23: 0, 24: 0, 25: 0, 26: 0, 27: 0}"
357,"{0: 1, 1: 1, 2: 1, 3: 1, 4: 1, 5: 1, 6: 1, 7: 2, 8: 4, 9: 4, 10: 5, 11: 5, 12: 6, 13: 6, 14: 6, 15: 6, 16: 8, 17: 8, 18: 8, 19: 8, 20: 7, 21: 5, 22: 4, 23: 2, 24: 0, 25: 0, 26: 0, 27: 0}"
358,"{0: 1, 1: 2, 2: 2, 3: 3, 4: 2, 5: 4, 6: 3, 7: 2, 8: 2, 9: 2, 10: 1, 11: 1, 12: 0, 13: 0, 14: 0, 15: 0, 16: 0, 17: 0, 18: 0, 19: 0, 20: 0, 21: 0, 22: 0, 23: 0, 24: 0, 25: 0, 26: 0, 27: 0}"
359,"{0: 1, 1: 1, 2: 2, 3: 3, 4: 3, 5: 4, 6: 4, 7: 2, 8: 3, 9: 2, 10: 4, 11: 3, 12: 2, 13: 1, 14: 0, 15: 0, 16: 0, 17: 0, 18: 0, 19: 0, 20: 0, 21: 0, 22: 0, 23: 0, 24: 0, 25: 0, 26: 0, 27: 0}"
360,"{0: 1, 1: 1, 2: 2, 3: 2, 4: 4, 5: 4, 6: 3, 7: 4, 8: 2, 9: 3, 10: 3, 11: 2, 12: 2, 13: 0, 14: 0, 15: 0, 16: 0, 17: 0, 18: 0, 19: 0, 20: 0, 21: 0, 22: 0, 23: 0, 24: 0, 25: 0, 26: 0, 27: 0}"
361,"{0: 1, 1: 1, 2: 1, 3: 2, 4: 2, 5: 3, 6: 2, 7: 3, 8: 2, 9: 3, 10: 3, 11: 2, 12: 3, 13: 2, 14: 0, 15: 0, 16: 0, 17: 0, 18: 0, 19: 0, 20: 0, 21: 0, 22: 0, 23: 0, 24: 0, 25: 0, 26: 0, 27: 0}"
362,"{0: 1, 1: 1, 2: 2, 3: 2, 4: 4, 5: 5, 6: 7, 7: 10, 8: 16, 9: 18, 10: 18, 11: 16, 12: 19, 13: 13, 14: 10, 15: 8, 16: 5, 17: 1, 18: 0, 19: 0, 20: 0, 21: 0, 22: 0, 23: 0, 24: 0, 25: 0, 26: 0, 27: 0}"
363,"{0: 1, 1: 1, 2: 2, 3: 4, 4: 3, 5: 3, 6: 3, 7: 2, 8: 2, 9: 3, 10: 3, 11: 3, 12: 1, 13: 1, 14: 0, 15: 0, 16: 0, 17: 0, 18: 0, 19: 0, 20: 0, 21: 0, 22: 0, 23: 0, 24: 0, 25: 0, 26: 0, 27: 0}"
364,"{0: 1, 1: 1, 2: 1, 3: 1, 4: 2, 5: 3, 6: 3, 7: 2, 8: 3, 9: 4, 10: 2, 11: 3, 12: 3, 13: 2, 14: 0, 15: 0, 16: 0, 17: 0, 18: 0, 19: 0, 20: 0, 21: 0, 22: 0, 23: 0, 24: 0, 25: 0, 26: 0, 27: 0}"
365,"{0: 1, 1: 2, 2: 3, 3: 3, 4: 4, 5: 6, 6: 6, 7: 7, 8: 6, 9: 5, 10: 4, 11: 5, 12: 4, 13: 3, 14: 0, 15: 0, 16: 0, 17: 0, 18: 0, 19: 0, 20: 0, 21: 0, 22: 0, 23: 0, 24: 0, 25: 0, 26: 0, 27: 0}"
366,"{0: 1, 1: 2, 2: 3, 3: 5, 4: 7, 5: 11, 6: 14, 7: 15, 8: 17, 9: 17, 10: 16, 11: 17, 12: 13, 13: 12, 14: 6, 15: 5, 16: 5, 17: 3, 18: 1, 19: 1, 20: 0, 21: 0, 22: 0, 23: 0, 24: 0, 25: 0, 26: 0, 27: 0}"
367,"{0: 1, 1: 2, 2: 4, 3: 5, 4: 7, 5: 11, 6: 15, 7: 14, 8: 18, 9: 16, 10: 18, 11: 16, 12: 19, 13: 15, 14: 11, 15: 7, 16: 4, 17: 1, 18: 0, 19: 0, 20: 0, 21: 0, 22: 0, 23: 0, 24: 0, 25: 0, 26: 0, 27: 0}"
368,"{0: 1, 1: 1, 2: 1, 3: 2, 4: 2, 5: 2, 6: 3, 7: 2, 8: 3, 9: 3, 10: 3, 11: 3, 12: 2, 13: 0, 14: 0, 15: 0, 16: 0, 17: 0, 18: 0, 19: 0, 20: 0, 21: 0, 22: 0, 23: 0, 24: 0, 25: 0, 26: 0, 27: 0}"
369,"{0: 1, 1: 1, 2: 1, 3: 1, 4: 1, 5: 1, 6: 1, 7: 2, 8: 4, 9: 2, 10: 3, 11: 2, 12: 2, 13: 1, 14: 0, 15: 0, 16: 0, 17: 0, 18: 0, 19: 0, 20: 0, 21: 0, 22: 0, 23: 0, 24: 0, 25: 0, 26: 0, 27: 0}"
370,"{0: 1, 1: 2, 2: 3, 3: 4, 4: 3, 5: 3, 6: 4, 7: 3, 8: 2, 9: 3, 10: 3, 11: 4, 12: 3, 13: 1, 14: 0, 15: 0, 16: 0, 17: 0, 18: 0, 19: 0, 20: 0, 21: 0, 22: 0, 23: 0, 24: 0, 25: 0, 26: 0, 27: 0}"
371,"{0: 1, 1: 1, 2: 1, 3: 1, 4: 1, 5: 2, 6: 3, 7: 3, 8: 2, 9: 2, 10: 2, 11: 1, 12: 1, 13: 0, 14: 0, 15: 0, 16: 0, 17: 0, 18: 0, 19: 0, 20: 0, 21: 0, 22: 0, 23: 0, 24: 0, 25: 0, 26: 0, 27: 0}"
372,"{0: 1, 1: 2, 2: 2, 3: 3, 4: 5, 5: 7, 6: 12, 7: 17, 8: 18, 9: 16, 10: 16, 11: 17, 12: 16, 13: 14, 14: 12, 15: 11, 16: 9, 17: 7, 18: 4, 19: 2, 20: 0, 21: 0, 22: 0, 23: 0, 24: 0, 25: 0, 26: 0, 27: 0}"
373,"{0: 1, 1: 2, 2: 4, 3: 4, 4: 3, 5: 4, 6: 4, 7: 3, 8: 3, 9: 2, 10: 3, 11: 3, 12: 1, 13: 0, 14: 0, 15: 0, 16: 0, 17: 0, 18: 0, 19: 0, 20: 0, 21: 0, 22: 0, 23: 0, 24: 0, 25: 0, 26: 0, 27: 0}"
374,"{0: 1, 1: 2, 2: 4, 3: 5, 4: 9, 5: 14, 6: 16, 7: 20, 8: 19, 9: 20, 10: 17, 11: 18, 12: 18, 13: 13, 14: 11, 15: 7, 16: 6, 17: 2, 18: 1, 19: 1, 20: 0, 21: 0, 22: 0, 23: 0, 24: 0, 25: 0, 26: 0, 27: 0}"
375,"{0: 1, 1: 1, 2: 2, 3: 3, 4: 5, 5: 6, 6: 5, 7: 4, 8: 3, 9: 3, 10: 3, 11: 4, 12: 3, 13: 2, 14: 0, 15: 0, 16: 0, 17: 0, 18: 0, 19: 0, 20: 0, 21: 0, 22: 0, 23: 0, 24: 0, 25: 0, 26: 0, 27: 0}"
376,"{0: 1, 1: 2, 2: 3, 3: 5, 4: 7, 5: 9, 6: 11, 7: 12, 8: 13, 9: 10, 10: 8, 11: 9, 12: 9, 13: 7, 14: 6, 15: 3, 16: 1, 17: 0, 18: 0, 19: 0, 20: 0, 21: 0, 22: 0, 23: 0, 24: 0, 25: 0, 26: 0, 27: 0}"
377,"{0: 1, 1: 2, 2: 3, 3: 4, 4: 6, 5: 7, 6: 9, 7: 11, 8: 9, 9: 7, 10: 9, 11: 8, 12: 9, 13: 8, 14: 7, 15: 5, 16: 3, 17: 2, 18: 0, 19: 0, 20: 0, 21: 0, 22: 0, 23: 0, 24: 0, 25: 0, 26: 0, 27: 0}"
378,"{0: 1, 1: 1, 2: 1, 3: 1, 4: 1, 5: 2, 6: 3, 7: 3, 8: 2, 9: 3, 10: 2, 11: 2, 12: 2, 13: 1, 14: 0, 15: 0, 16: 0, 17: 0, 18: 0, 19: 0, 20: 0, 21: 0, 22: 0, 23: 0, 24: 0, 25: 0, 26: 0, 27: 0}"
379,"{0: 1, 1: 2, 2: 4, 3: 4, 4: 3, 5: 4, 6: 3, 7: 4, 8: 4, 9: 3, 10: 3, 11: 3, 12: 1, 13: 1, 14: 0, 15: 0, 16: 0, 17: 0, 18: 0, 19: 0, 20: 0, 21: 0, 22: 0, 23: 0, 24: 0, 25: 0, 26: 0, 27: 0}"
380,"{0: 1, 1: 2, 2: 3, 3: 4, 4: 5, 5: 8, 6: 9, 7: 7, 8: 9, 9: 9, 10: 7, 11: 7, 12: 6, 13: 5, 14: 3, 15: 1, 16: 0, 17: 0, 18: 0, 19: 0, 20: 0, 21: 0, 22: 0, 23: 0, 24: 0, 25: 0, 26: 0, 27: 0}"
381,"{0: 1, 1: 1, 2: 1, 3: 1, 4: 1, 5: 2, 6: 3, 7: 3, 8: 3, 9: 2, 10: 3, 11: 3, 12: 2, 13: 1, 14: 0, 15: 0, 16: 0, 17: 0, 18: 0, 19: 0, 20: 0, 21: 0, 22: 0, 23: 0, 24: 0, 25: 0, 26: 0, 27: 0}"
382,"{0: 1, 1: 1, 2: 1, 3: 1, 4: 1, 5: 1, 6: 2, 7: 3, 8: 4, 9: 3, 10: 2, 11: 2, 12: 2, 13: 1, 14: 0, 15: 0, 16: 0, 17: 0, 18: 0, 19: 0, 20: 0, 21: 0, 22: 0, 23: 0, 24: 0, 25: 0, 26: 0, 27: 0}"
383,"{0: 1, 1: 2, 2: 3, 3: 4, 4: 3, 5: 3, 6: 4, 7: 2, 8: 3, 9: 3, 10: 2, 11: 4, 12: 2, 13: 1, 14: 0, 15: 0, 16: 0, 17: 0, 18: 0, 19: 0, 20: 0, 21: 0, 22: 0, 23: 0, 24: 0, 25: 0, 26: 0, 27: 0}"
384,"{0: 1, 1: 1, 2: 1, 3: 1, 4: 1, 5: 1, 6: 1, 7: 2, 8: 4, 9: 2, 10: 3, 11: 3, 12: 1, 13: 0, 14: 0, 15: 0, 16: 0, 17: 0, 18: 0, 19: 0, 20: 0, 21: 0, 22: 0, 23: 0, 24: 0, 25: 0, 26: 0, 27: 0}"
385,"{0: 1, 1: 1, 2: 1, 3: 1, 4: 1, 5: 1, 6: 1, 7: 1, 8: 1, 9: 1, 10: 1, 11: 1, 12: 0, 13: 0, 14: 0, 15: 0, 16: 0, 17: 0, 18: 0, 19: 0, 20: 0, 21: 0, 22: 0, 23: 0, 24: 0, 25: 0, 26: 0, 27: 0}"
386,"{0: 1, 1: 2, 2: 4, 3: 5, 4: 7, 5: 11, 6: 15, 7: 14, 8: 18, 9: 16, 10: 16, 11: 15, 12: 17, 13: 13, 14: 10, 15: 7, 16: 4, 17: 1, 18: 0, 19: 0, 20: 0, 21: 0, 22: 0, 23: 0, 24: 0, 25: 0, 26: 0, 27: 0}"
387,"{0: 1, 1: 2, 2: 4, 3: 4, 4: 3, 5: 3, 6: 4, 7: 2, 8: 3, 9: 3, 10: 2, 11: 4, 12: 3, 13: 2, 14: 0, 15: 0, 16: 0, 17: 0, 18: 0, 19: 0, 20: 0, 21: 0, 22: 0, 23: 0, 24: 0, 25: 0, 26: 0, 27: 0}"
388,"{0: 1, 1: 1, 2: 1, 3: 2, 4: 2, 5: 2, 6: 4, 7: 4, 8: 5, 9: 4, 10: 4, 11: 4, 12: 4, 13: 2, 14: 0, 15: 0, 16: 0, 17: 0, 18: 0, 19: 0, 20: 0, 21: 0, 22: 0, 23: 0, 24: 0, 25: 0, 26: 0, 27: 0}"
389,"{0: 1, 1: 1, 2: 1, 3: 1, 4: 1, 5: 1, 6: 1, 7: 1, 8: 1, 9: 1, 10: 1, 11: 2, 12: 2, 13: 2, 14: 1, 15: 1, 16: 1, 17: 1, 18: 0, 19: 0, 20: 0, 21: 0, 22: 0, 23: 0, 24: 0, 25: 0, 26: 0, 27: 0}"
390,"{0: 1, 1: 1, 2: 2, 3: 4, 4: 2, 5: 3, 6: 3, 7: 3, 8: 2, 9: 2, 10: 3, 11: 3, 12: 1, 13: 0, 14: 0, 15: 0, 16: 0, 17: 0, 18: 0, 19: 0, 20: 0, 21: 0, 22: 0, 23: 0, 24: 0, 25: 0, 26: 0, 27: 0}"
391,"{0: 1, 1: 2, 2: 4, 3: 3, 4: 4, 5: 4, 6: 4, 7: 3, 8: 3, 9: 4, 10: 2, 11: 4, 12: 3, 13: 2, 14: 0, 15: 0, 16: 0, 17: 0, 18: 0, 19: 0, 20: 0, 21: 0, 22: 0, 23: 0, 24: 0, 25: 0, 26: 0, 27: 0}"
392,"{0: 1, 1: 2, 2: 4, 3: 4, 4: 3, 5: 4, 6: 4, 7: 2, 8: 2, 9: 3, 10: 3, 11: 4, 12: 2, 13: 1, 14: 0, 15: 0, 16: 0, 17: 0, 18: 0, 19: 0, 20: 0, 21: 0, 22: 0, 23: 0, 24: 0, 25: 0, 26: 0, 27: 0}"
393,"{0: 1, 1: 2, 2: 4, 3: 5, 4: 9, 5: 11, 6: 14, 7: 16, 8: 14, 9: 18, 10: 15, 11: 16, 12: 14, 13: 9, 14: 6, 15: 5, 16: 2, 17: 2, 18: 1, 19: 0, 20: 0, 21: 0, 22: 0, 23: 0, 24: 0, 25: 0, 26: 0, 27: 0}"
394,"{0: 1, 1: 1, 2: 1, 3: 1, 4: 1, 5: 2, 6: 3, 7: 4, 8: 5, 9: 8, 10: 9, 11: 9, 12: 12, 13: 10, 14: 7, 15: 7, 16: 5, 17: 3, 18: 0, 19: 0, 20: 0, 21: 0, 22: 0, 23: 0, 24: 0, 25: 0, 26: 0, 27: 0}"
395,"{0: 1, 1: 2, 2: 4, 3: 4, 4: 5, 5: 5, 6: 5, 7: 4, 8: 4, 9: 5, 10: 3, 11: 4, 12: 4, 13: 2, 14: 1, 15: 1, 16: 0, 17: 0, 18: 0, 19: 0, 20: 0, 21: 0, 22: 0, 23: 0, 24: 0, 25: 0, 26: 0, 27: 0}"
396,"{0: 1, 1: 2, 2: 4, 3: 5, 4: 7, 5: 10, 6: 14, 7: 14, 8: 17, 9: 12, 10: 16, 11: 12, 12: 14, 13: 12, 14: 11, 15: 8, 16: 6, 17: 4, 18: 3, 19: 2, 20: 0, 21: 0, 22: 0, 23: 0, 24: 0, 25: 0, 26: 0, 27: 0}"
397,"{0: 1, 1: 1, 2: 2, 3: 3, 4: 4, 5: 4, 6: 2, 7: 4, 8: 3, 9: 3, 10: 4, 11: 3, 12: 2, 13: 0, 14: 0, 15: 0, 16: 0, 17: 0, 18: 0, 19: 0, 20: 0, 21: 0, 22: 0, 23: 0, 24: 0, 25: 0, 26: 0, 27: 0}"
398,"{0: 1, 1: 2, 2: 3, 3: 4, 4: 5, 5: 6, 6: 6, 7: 5, 8: 4, 9: 6, 10: 4, 11: 4, 12: 3, 13: 1, 14: 0, 15: 0, 16: 0, 17: 0, 18: 0, 19: 0, 20: 0, 21: 0, 22: 0, 23: 0, 24: 0, 25: 0, 26: 0, 27: 0}"
399,"{0: 1, 1: 1, 2: 2, 3: 2, 4: 4, 5: 3, 6: 3, 7: 4, 8: 3, 9: 3, 10: 2, 11: 2, 12: 2, 13: 0, 14: 0, 15: 0, 16: 0, 17: 0, 18: 0, 19: 0, 20: 0, 21: 0, 22: 0, 23: 0, 24: 0, 25: 0, 26: 0, 27: 0}"
400,"{0: 1, 1: 1, 2: 2, 3: 3, 4: 3, 5: 4, 6: 2, 7: 2, 8: 3, 9: 4, 10: 2, 11: 2, 12: 1, 13: 0, 14: 0, 15: 0, 16: 0, 17: 0, 18: 0, 19: 0, 20: 0, 21: 0, 22: 0, 23: 0, 24: 0, 25: 0, 26: 0, 27: 0}"
401,"{0: 1, 1: 1, 2: 2, 3: 4, 4: 4, 5: 4, 6: 4, 7: 6, 8: 6, 9: 6, 10: 7, 11: 6, 12: 4, 13: 4, 14: 3, 15: 1, 16: 1, 17: 1, 18: 0, 19: 0, 20: 0, 21: 0, 22: 0, 23: 0, 24: 0, 25: 0, 26: 0, 27: 0}"
402,"{0: 1, 1: 1, 2: 1, 3: 1, 4: 1, 5: 1, 6: 1, 7: 1, 8: 1, 9: 1, 10: 1, 11: 0, 12: 0, 13: 0, 14: 0, 15: 0, 16: 0, 17: 0, 18: 0, 19: 0, 20: 0, 21: 0, 22: 0, 23: 0, 24: 0, 25: 0, 26: 0, 27: 0}"
403,"{0: 1, 1: 2, 2: 2, 3: 2, 4: 3, 5: 3, 6: 4, 7: 4, 8: 5, 9: 6, 10: 9, 11: 14, 12: 14, 13: 14, 14: 8, 15: 4, 16: 2, 17: 2, 18: 2, 19: 1, 20: 0, 21: 0, 22: 0, 23: 0, 24: 0, 25: 0, 26: 0, 27: 0}"
404,"{0: 1, 1: 1, 2: 1, 3: 1, 4: 1, 5: 1, 6: 1, 7: 2, 8: 4, 9: 4, 10: 5, 11: 5, 12: 6, 13: 6, 14: 6, 15: 6, 16: 8, 17: 10, 18: 10, 19: 10, 20: 8, 21: 7, 22: 7, 23: 4, 24: 1, 25: 0, 26: 0, 27: 0}"
405,"{0: 1, 1: 2, 2: 3, 3: 2, 4: 4, 5: 4, 6: 4, 7: 4, 8: 4, 9: 4, 10: 2, 11: 3, 12: 2, 13: 1, 14: 0, 15: 0, 16: 0, 17: 0, 18: 0, 19: 0, 20: 0, 21: 0, 22: 0, 23: 0, 24: 0, 25: 0, 26: 0, 27: 0}"
406,"{0: 1, 1: 2, 2: 3, 3: 3, 4: 2, 5: 4, 6: 4, 7: 3, 8: 2, 9: 2, 10: 4, 11: 4, 12: 2, 13: 1, 14: 0, 15: 0, 16: 0, 17: 0, 18: 0, 19: 0, 20: 0, 21: 0, 22: 0, 23: 0, 24: 0, 25: 0, 26: 0, 27: 0}"
407,"{0: 1, 1: 1, 2: 1, 3: 2, 4: 2, 5: 2, 6: 3, 7: 3, 8: 3, 9: 2, 10: 4, 11: 2, 12: 2, 13: 1, 14: 0, 15: 0, 16: 0, 17: 0, 18: 0, 19: 0, 20: 0, 21: 0, 22: 0, 23: 0, 24: 0, 25: 0, 26: 0, 27: 0}"
408,"{0: 1, 1: 1, 2: 2, 3: 2, 4: 3, 5: 3, 6: 3, 7: 4, 8: 4, 9: 4, 10: 2, 11: 4, 12: 3, 13: 1, 14: 0, 15: 0, 16: 0, 17: 0, 18: 0, 19: 0, 20: 0, 21: 0, 22: 0, 23: 0, 24: 0, 25: 0, 26: 0, 27: 0}"
409,"{0: 1, 1: 1, 2: 2, 3: 3, 4: 3, 5: 3, 6: 3, 7: 3, 8: 2, 9: 3, 10: 3, 11: 4, 12: 3, 13: 2, 14: 0, 15: 0, 16: 0, 17: 0, 18: 0, 19: 0, 20: 0, 21: 0, 22: 0, 23: 0, 24: 0, 25: 0, 26: 0, 27: 0}"
410,"{0: 1, 1: 1, 2: 1, 3: 1, 4: 1, 5: 1, 6: 2, 7: 4, 8: 3, 9: 2, 10: 3, 11: 3, 12: 1, 13: 0, 14: 0, 15: 0, 16: 0, 17: 0, 18: 0, 19: 0, 20: 0, 21: 0, 22: 0, 23: 0, 24: 0, 25: 0, 26: 0, 27: 0}"
411,"{0: 1, 1: 1, 2: 1, 3: 1, 4: 1, 5: 1, 6: 1, 7: 1, 8: 1, 9: 1, 10: 1, 11: 1, 12: 0, 13: 0, 14: 0, 15: 0, 16: 0, 17: 0, 18: 0, 19: 0, 20: 0, 21: 0, 22: 0, 23: 0, 24: 0, 25: 0, 26: 0, 27: 0}"
412,"{0: 1, 1: 1, 2: 1, 3: 1, 4: 1, 5: 1, 6: 1, 7: 1, 8: 1, 9: 1, 10: 1, 11: 1, 12: 1, 13: 0, 14: 0, 15: 0, 16: 0, 17: 0, 18: 0, 19: 0, 20: 0, 21: 0, 22: 0, 23: 0, 24: 0, 25: 0, 26: 0, 27: 0}"
413,"{0: 1, 1: 1, 2: 2, 3: 3, 4: 4, 5: 5, 6: 7, 7: 11, 8: 13, 9: 14, 10: 12, 11: 14, 12: 13, 13: 13, 14: 12, 15: 11, 16: 7, 17: 4, 18: 1, 19: 0, 20: 0, 21: 0, 22: 0, 23: 0, 24: 0, 25: 0, 26: 0, 27: 0}"
414,"{0: 1, 1: 2, 2: 3, 3: 5, 4: 5, 5: 6, 6: 5, 7: 4, 8: 5, 9: 7, 10: 5, 11: 8, 12: 6, 13: 5, 14: 4, 15: 1, 16: 1, 17: 0, 18: 0, 19: 0, 20: 0, 21: 0, 22: 0, 23: 0, 24: 0, 25: 0, 26: 0, 27: 0}"
415,"{0: 1, 1: 1, 2: 1, 3: 1, 4: 2, 5: 3, 6: 4, 7: 4, 8: 5, 9: 8, 10: 9, 11: 11, 12: 12, 13: 12, 14: 12, 15: 12, 16: 11, 17: 11, 18: 9, 19: 4, 20: 4, 21: 2, 22: 1, 23: 1, 24: 0, 25: 0, 26: 0, 27: 0}"
416,"{0: 1, 1: 2, 2: 4, 3: 4, 4: 3, 5: 3, 6: 4, 7: 3, 8: 4, 9: 5, 10: 5, 11: 5, 12: 4, 13: 3, 14: 3, 15: 4, 16: 6, 17: 7, 18: 6, 19: 4, 20: 3, 21: 2, 22: 1, 23: 0, 24: 0, 25: 0, 26: 0, 27: 0}"
417,"{0: 1, 1: 2, 2: 4, 3: 4, 4: 6, 5: 9, 6: 11, 7: 13, 8: 13, 9: 15, 10: 14, 11: 16, 12: 15, 13: 15, 14: 11, 15: 6, 16: 6, 17: 4, 18: 1, 19: 0, 20: 0, 21: 0, 22: 0, 23: 0, 24: 0, 25: 0, 26: 0, 27: 0}"
418,"{0: 1, 1: 2, 2: 3, 3: 5, 4: 6, 5: 5, 6: 6, 7: 5, 8: 6, 9: 7, 10: 7, 11: 7, 12: 5, 13: 4, 14: 3, 15: 4, 16: 4, 17: 3, 18: 3, 19: 3, 20: 1, 21: 1, 22: 1, 23: 0, 24: 0, 25: 0, 26: 0, 27: 0}"
419,"{0: 1, 1: 1, 2: 2, 3: 4, 4: 3, 5: 3, 6: 3, 7: 2, 8: 2, 9: 3, 10: 3, 11: 3, 12: 1, 13: 1, 14: 0, 15: 0, 16: 0, 17: 0, 18: 0, 19: 0, 20: 0, 21: 0, 22: 0, 23: 0, 24: 0, 25: 0, 26: 0, 27: 0}"
420,"{0: 1, 1: 1, 2: 1, 3: 1, 4: 1, 5: 1, 6: 1, 7: 1, 8: 1, 9: 1, 10: 1, 11: 1, 12: 1, 13: 0, 14: 0, 15: 0, 16: 0, 17: 0, 18: 0, 19: 0, 20: 0, 21: 0, 22: 0, 23: 0, 24: 0, 25: 0, 26: 0, 27: 0}"
421,"{0: 1, 1: 1, 2: 1, 3: 1, 4: 2, 5: 3, 6: 4, 7: 2, 8: 3, 9: 3, 10: 3, 11: 3, 12: 2, 13: 1, 14: 0, 15: 0, 16: 0, 17: 0, 18: 0, 19: 0, 20: 0, 21: 0, 22: 0, 23: 0, 24: 0, 25: 0, 26: 0, 27: 0}"
422,"{0: 1, 1: 1, 2: 1, 3: 1, 4: 1, 5: 1, 6: 1, 7: 1, 8: 1, 9: 1, 10: 1, 11: 1, 12: 1, 13: 0, 14: 0, 15: 0, 16: 0, 17: 0, 18: 0, 19: 0, 20: 0, 21: 0, 22: 0, 23: 0, 24: 0, 25: 0, 26: 0, 27: 0}"
423,"{0: 1, 1: 2, 2: 3, 3: 4, 4: 5, 5: 7, 6: 7, 7: 7, 8: 7, 9: 8, 10: 11, 11: 11, 12: 10, 13: 7, 14: 4, 15: 4, 16: 2, 17: 1, 18: 1, 19: 1, 20: 1, 21: 0, 22: 0, 23: 0, 24: 0, 25: 0, 26: 0, 27: 0}"
424,"{0: 1, 1: 1, 2: 1, 3: 1, 4: 1, 5: 1, 6: 2, 7: 3, 8: 4, 9: 3, 10: 3, 11: 2, 12: 0, 13: 0, 14: 0, 15: 0, 16: 0, 17: 0, 18: 0, 19: 0, 20: 0, 21: 0, 22: 0, 23: 0, 24: 0, 25: 0, 26: 0, 27: 0}"
425,"{0: 1, 1: 2, 2: 2, 3: 4, 4: 3, 5: 2, 6: 2, 7: 3, 8: 2, 9: 4, 10: 2, 11: 2, 12: 1, 13: 1, 14: 0, 15: 0, 16: 0, 17: 0, 18: 0, 19: 0, 20: 0, 21: 0, 22: 0, 23: 0, 24: 0, 25: 0, 26: 0, 27: 0}"
426,"{0: 1, 1: 1, 2: 2, 3: 2, 4: 4, 5: 3, 6: 4, 7: 3, 8: 4, 9: 4, 10: 2, 11: 4, 12: 3, 13: 2, 14: 0, 15: 0, 16: 0, 17: 0, 18: 0, 19: 0, 20: 0, 21: 0, 22: 0, 23: 0, 24: 0, 25: 0, 26: 0, 27: 0}"
427,"{0: 1, 1: 1, 2: 2, 3: 2, 4: 4, 5: 4, 6: 5, 7: 6, 8: 8, 9: 7, 10: 7, 11: 8, 12: 6, 13: 4, 14: 1, 15: 1, 16: 1, 17: 1, 18: 0, 19: 0, 20: 0, 21: 0, 22: 0, 23: 0, 24: 0, 25: 0, 26: 0, 27: 0}"
428,"{0: 1, 1: 1, 2: 1, 3: 1, 4: 1, 5: 1, 6: 1, 7: 1, 8: 1, 9: 1, 10: 1, 11: 1, 12: 1, 13: 0, 14: 0, 15: 0, 16: 0, 17: 0, 18: 0, 19: 0, 20: 0, 21: 0, 22: 0, 23: 0, 24: 0, 25: 0, 26: 0, 27: 0}"
429,"{0: 1, 1: 1, 2: 1, 3: 1, 4: 1, 5: 1, 6: 1, 7: 1, 8: 1, 9: 1, 10: 1, 11: 1, 12: 1, 13: 0, 14: 0, 15: 0, 16: 0, 17: 0, 18: 0, 19: 0, 20: 0, 21: 0, 22: 0, 23: 0, 24: 0, 25: 0, 26: 0, 27: 0}"
430,"{0: 1, 1: 1, 2: 1, 3: 1, 4: 1, 5: 1, 6: 1, 7: 1, 8: 1, 9: 1, 10: 1, 11: 1, 12: 1, 13: 0, 14: 0, 15: 0, 16: 0, 17: 0, 18: 0, 19: 0, 20: 0, 21: 0, 22: 0, 23: 0, 24: 0, 25: 0, 26: 0, 27: 0}"
431,"{0: 1, 1: 2, 2: 3, 3: 5, 4: 4, 5: 6, 6: 5, 7: 6, 8: 4, 9: 4, 10: 5, 11: 5, 12: 5, 13: 3, 14: 2, 15: 1, 16: 1, 17: 0, 18: 0, 19: 0, 20: 0, 21: 0, 22: 0, 23: 0, 24: 0, 25: 0, 26: 0, 27: 0}"
432,"{0: 1, 1: 1, 2: 2, 3: 4, 4: 5, 5: 9, 6: 12, 7: 16, 8: 17, 9: 19, 10: 19, 11: 19, 12: 13, 13: 11, 14: 7, 15: 3, 16: 1, 17: 1, 18: 1, 19: 0, 20: 0, 21: 0, 22: 0, 23: 0, 24: 0, 25: 0, 26: 0, 27: 0}"
433,"{0: 1, 1: 1, 2: 1, 3: 2, 4: 2, 5: 2, 6: 3, 7: 2, 8: 2, 9: 3, 10: 4, 11: 3, 12: 3, 13: 2, 14: 0, 15: 0, 16: 0, 17: 0, 18: 0, 19: 0, 20: 0, 21: 0, 22: 0, 23: 0, 24: 0, 25: 0, 26: 0, 27: 0}"
434,"{0: 1, 1: 1, 2: 1, 3: 1, 4: 2, 5: 3, 6: 3, 7: 2, 8: 3, 9: 4, 10: 3, 11: 3, 12: 2, 13: 1, 14: 0, 15: 0, 16: 0, 17: 0, 18: 0, 19: 0, 20: 0, 21: 0, 22: 0, 23: 0, 24: 0, 25: 0, 26: 0, 27: 0}"
435,"{0: 1, 1: 2, 2: 4, 3: 5, 4: 9, 5: 16, 6: 19, 7: 20, 8: 17, 9: 14, 10: 10, 11: 10, 12: 7, 13: 4, 14: 4, 15: 2, 16: 2, 17: 0, 18: 0, 19: 0, 20: 0, 21: 0, 22: 0, 23: 0, 24: 0, 25: 0, 26: 0, 27: 0}"
436,"{0: 1, 1: 2, 2: 3, 3: 5, 4: 8, 5: 12, 6: 17, 7: 17, 8: 14, 9: 11, 10: 14, 11: 14, 12: 15, 13: 10, 14: 8, 15: 4, 16: 4, 17: 2, 18: 1, 19: 1, 20: 0, 21: 0, 22: 0, 23: 0, 24: 0, 25: 0, 26: 0, 27: 0}"
437,"{0: 1, 1: 1, 2: 1, 3: 1, 4: 1, 5: 1, 6: 1, 7: 1, 8: 1, 9: 1, 10: 1, 11: 1, 12: 0, 13: 0, 14: 0, 15: 0, 16: 0, 17: 0, 18: 0, 19: 0, 20: 0, 21: 0, 22: 0, 23: 0, 24: 0, 25: 0, 26: 0, 27: 0}"
438,"{0: 1, 1: 2, 2: 3, 3: 4, 4: 4, 5: 4, 6: 5, 7: 4, 8: 5, 9: 3, 10: 3, 11: 4, 12: 2, 13: 1, 14: 1, 15: 1, 16: 1, 17: 0, 18: 0, 19: 0, 20: 0, 21: 0, 22: 0, 23: 0, 24: 0, 25: 0, 26: 0, 27: 0}"
439,"{0: 1, 1: 2, 2: 3, 3: 3, 4: 3, 5: 4, 6: 3, 7: 3, 8: 4, 9: 2, 10: 2, 11: 2, 12: 0, 13: 0, 14: 0, 15: 0, 16: 0, 17: 0, 18: 0, 19: 0, 20: 0, 21: 0, 22: 0, 23: 0, 24: 0, 25: 0, 26: 0, 27: 0}"
440,"{0: 1, 1: 2, 2: 4, 3: 4, 4: 5, 5: 5, 6: 5, 7: 4, 8: 4, 9: 5, 10: 4, 11: 5, 12: 4, 13: 3, 14: 1, 15: 0, 16: 0, 17: 0, 18: 0, 19: 0, 20: 0, 21: 0, 22: 0, 23: 0, 24: 0, 25: 0, 26: 0, 27: 0}"
441,"{0: 1, 1: 2, 2: 4, 3: 5, 4: 6, 5: 6, 6: 6, 7: 5, 8: 5, 9: 6, 10: 4, 11: 5, 12: 5, 13: 3, 14: 0, 15: 0, 16: 0, 17: 0, 18: 0, 19: 0, 20: 0, 21: 0, 22: 0, 23: 0, 24: 0, 25: 0, 26: 0, 27: 0}"
442,"{0: 1, 1: 1, 2: 2, 3: 4, 4: 5, 5: 5, 6: 5, 7: 5, 8: 4, 9: 4, 10: 3, 11: 5, 12: 4, 13: 4, 14: 3, 15: 2, 16: 2, 17: 0, 18: 0, 19: 0, 20: 0, 21: 0, 22: 0, 23: 0, 24: 0, 25: 0, 26: 0, 27: 0}"
443,"{0: 1, 1: 1, 2: 1, 3: 2, 4: 3, 5: 3, 6: 2, 7: 3, 8: 3, 9: 2, 10: 3, 11: 2, 12: 1, 13: 1, 14: 0, 15: 0, 16: 0, 17: 0, 18: 0, 19: 0, 20: 0, 21: 0, 22: 0, 23: 0, 24: 0, 25: 0, 26: 0, 27: 0}"
444,"{0: 1, 1: 1, 2: 1, 3: 1, 4: 2, 5: 3, 6: 3, 7: 4, 8: 3, 9: 2, 10: 1, 11: 1, 12: 1, 13: 0, 14: 0, 15: 0, 16: 0, 17: 0, 18: 0, 19: 0, 20: 0, 21: 0, 22: 0, 23: 0, 24: 0, 25: 0, 26: 0, 27: 0}"
445,"{0: 1, 1: 1, 2: 1, 3: 2, 4: 2, 5: 3, 6: 3, 7: 2, 8: 2, 9: 3, 10: 4, 11: 2, 12: 1, 13: 1, 14: 0, 15: 0, 16: 0, 17: 0, 18: 0, 19: 0, 20: 0, 21: 0, 22: 0, 23: 0, 24: 0, 25: 0, 26: 0, 27: 0}"
446,"{0: 1, 1: 1, 2: 1, 3: 1, 4: 1, 5: 1, 6: 1, 7: 1, 8: 1, 9: 1, 10: 1, 11: 1, 12: 0, 13: 0, 14: 0, 15: 0, 16: 0, 17: 0, 18: 0, 19: 0, 20: 0, 21: 0, 22: 0, 23: 0, 24: 0, 25: 0, 26: 0, 27: 0}"
447,"{0: 1, 1: 1, 2: 1, 3: 1, 4: 1, 5: 1, 6: 1, 7: 1, 8: 1, 9: 1, 10: 1, 11: 1, 12: 0, 13: 0, 14: 0, 15: 0, 16: 0, 17: 0, 18: 0, 19: 0, 20: 0, 21: 0, 22: 0, 23: 0, 24: 0, 25: 0, 26: 0, 27: 0}"
448,"{0: 1, 1: 1, 2: 1, 3: 1, 4: 1, 5: 1, 6: 1, 7: 2, 8: 3, 9: 5, 10: 6, 11: 7, 12: 9, 13: 11, 14: 12, 15: 10, 16: 11, 17: 11, 18: 12, 19: 9, 20: 6, 21: 4, 22: 1, 23: 2, 24: 1, 25: 0, 26: 0, 27: 0}"
449,"{0: 1, 1: 1, 2: 2, 3: 3, 4: 3, 5: 3, 6: 4, 7: 2, 8: 3, 9: 3, 10: 3, 11: 4, 12: 2, 13: 1, 14: 0, 15: 0, 16: 0, 17: 0, 18: 0, 19: 0, 20: 0, 21: 0, 22: 0, 23: 0, 24: 0, 25: 0, 26: 0, 27: 0}"
450,"{0: 1, 1: 2, 2: 4, 3: 3, 4: 4, 5: 4, 6: 3, 7: 2, 8: 2, 9: 3, 10: 3, 11: 4, 12: 3, 13: 2, 14: 0, 15: 0, 16: 0, 17: 0, 18: 0, 19: 0, 20: 0, 21: 0, 22: 0, 23: 0, 24: 0, 25: 0, 26: 0, 27: 0}"
451,"{0: 1, 1: 1, 2: 1, 3: 1, 4: 2, 5: 4, 6: 5, 7: 6, 8: 8, 9: 12, 10: 13, 11: 11, 12: 7, 13: 9, 14: 8, 15: 4, 16: 3, 17: 0, 18: 0, 19: 0, 20: 0, 21: 0, 22: 0, 23: 0, 24: 0, 25: 0, 26: 0, 27: 0}"
452,"{0: 1, 1: 2, 2: 4, 3: 4, 4: 3, 5: 4, 6: 3, 7: 1, 8: 1, 9: 2, 10: 1, 11: 2, 12: 1, 13: 1, 14: 0, 15: 0, 16: 0, 17: 0, 18: 0, 19: 0, 20: 0, 21: 0, 22: 0, 23: 0, 24: 0, 25: 0, 26: 0, 27: 0}"
453,"{0: 1, 1: 1, 2: 2, 3: 3, 4: 5, 5: 6, 6: 9, 7: 10, 8: 13, 9: 14, 10: 15, 11: 17, 12: 14, 13: 15, 14: 14, 15: 9, 16: 6, 17: 4, 18: 2, 19: 2, 20: 2, 21: 1, 22: 0, 23: 0, 24: 0, 25: 0, 26: 0, 27: 0}"
454,"{0: 1, 1: 1, 2: 1, 3: 1, 4: 1, 5: 1, 6: 1, 7: 2, 8: 4, 9: 2, 10: 3, 11: 2, 12: 2, 13: 1, 14: 0, 15: 0, 16: 0, 17: 0, 18: 0, 19: 0, 20: 0, 21: 0, 22: 0, 23: 0, 24: 0, 25: 0, 26: 0, 27: 0}"
455,"{0: 1, 1: 2, 2: 3, 3: 2, 4: 3, 5: 3, 6: 3, 7: 4, 8: 3, 9: 4, 10: 2, 11: 4, 12: 3, 13: 2, 14: 0, 15: 0, 16: 0, 17: 0, 18: 0, 19: 0, 20: 0, 21: 0, 22: 0, 23: 0, 24: 0, 25: 0, 26: 0, 27: 0}"
456,"{0: 1, 1: 1, 2: 2, 3: 3, 4: 4, 5: 3, 6: 3, 7: 3, 8: 4, 9: 3, 10: 3, 11: 4, 12: 2, 13: 1, 14: 0, 15: 0, 16: 0, 17: 0, 18: 0, 19: 0, 20: 0, 21: 0, 22: 0, 23: 0, 24: 0, 25: 0, 26: 0, 27: 0}"
457,"{0: 1, 1: 2, 2: 3, 3: 5, 4: 7, 5: 13, 6: 16, 7: 17, 8: 18, 9: 14, 10: 13, 11: 11, 12: 12, 13: 9, 14: 7, 15: 5, 16: 3, 17: 1, 18: 0, 19: 0, 20: 0, 21: 0, 22: 0, 23: 0, 24: 0, 25: 0, 26: 0, 27: 0}"
458,"{0: 1, 1: 1, 2: 1, 3: 1, 4: 2, 5: 4, 6: 5, 7: 6, 8: 9, 9: 13, 10: 10, 11: 11, 12: 11, 13: 11, 14: 7, 15: 8, 16: 5, 17: 2, 18: 1, 19: 1, 20: 0, 21: 0, 22: 0, 23: 0, 24: 0, 25: 0, 26: 0, 27: 0}"
459,"{0: 1, 1: 1, 2: 1, 3: 1, 4: 1, 5: 1, 6: 2, 7: 2, 8: 3, 9: 4, 10: 2, 11: 4, 12: 2, 13: 1, 14: 0, 15: 0, 16: 0, 17: 0, 18: 0, 19: 0, 20: 0, 21: 0, 22: 0, 23: 0, 24: 0, 25: 0, 26: 0, 27: 0}"
460,"{0: 1, 1: 2, 2: 2, 3: 3, 4: 4, 5: 4, 6: 5, 7: 4, 8: 5, 9: 4, 10: 3, 11: 5, 12: 2, 13: 1, 14: 1, 15: 1, 16: 0, 17: 0, 18: 0, 19: 0, 20: 0, 21: 0, 22: 0, 23: 0, 24: 0, 25: 0, 26: 0, 27: 0}"
461,"{0: 1, 1: 1, 2: 1, 3: 1, 4: 1, 5: 1, 6: 1, 7: 1, 8: 1, 9: 1, 10: 1, 11: 1, 12: 0, 13: 0, 14: 0, 15: 0, 16: 0, 17: 0, 18: 0, 19: 0, 20: 0, 21: 0, 22: 0, 23: 0, 24: 0, 25: 0, 26: 0, 27: 0}"
462,"{0: 1, 1: 1, 2: 1, 3: 2, 4: 3, 5: 4, 6: 3, 7: 3, 8: 2, 9: 1, 10: 1, 11: 1, 12: 0, 13: 0, 14: 0, 15: 0, 16: 0, 17: 0, 18: 0, 19: 0, 20: 0, 21: 0, 22: 0, 23: 0, 24: 0, 25: 0, 26: 0, 27: 0}"
463,"{0: 1, 1: 1, 2: 1, 3: 1, 4: 2, 5: 3, 6: 3, 7: 5, 8: 6, 9: 6, 10: 7, 11: 6, 12: 7, 13: 6, 14: 4, 15: 3, 16: 2, 17: 1, 18: 0, 19: 0, 20: 0, 21: 0, 22: 0, 23: 0, 24: 0, 25: 0, 26: 0, 27: 0}"
464,"{0: 1, 1: 2, 2: 4, 3: 5, 4: 7, 5: 11, 6: 15, 7: 15, 8: 20, 9: 17, 10: 20, 11: 17, 12: 21, 13: 17, 14: 14, 15: 11, 16: 9, 17: 6, 18: 4, 19: 3, 20: 2, 21: 1, 22: 0, 23: 0, 24: 0, 25: 0, 26: 0, 27: 0}"
465,"{0: 1, 1: 2, 2: 2, 3: 4, 4: 3, 5: 2, 6: 2, 7: 3, 8: 2, 9: 4, 10: 2, 11: 3, 12: 3, 13: 2, 14: 0, 15: 0, 16: 0, 17: 0, 18: 0, 19: 0, 20: 0, 21: 0, 22: 0, 23: 0, 24: 0, 25: 0, 26: 0, 27: 0}"
466,"{0: 1, 1: 1, 2: 2, 3: 3, 4: 4, 5: 6, 6: 8, 7: 12, 8: 16, 9: 19, 10: 15, 11: 16, 12: 18, 13: 15, 14: 10, 15: 8, 16: 5, 17: 2, 18: 0, 19: 0, 20: 0, 21: 0, 22: 0, 23: 0, 24: 0, 25: 0, 26: 0, 27: 0}"
467,"{0: 1, 1: 1, 2: 1, 3: 1, 4: 1, 5: 2, 6: 3, 7: 4, 8: 5, 9: 7, 10: 8, 11: 8, 12: 11, 13: 9, 14: 6, 15: 6, 16: 4, 17: 2, 18: 0, 19: 0, 20: 0, 21: 0, 22: 0, 23: 0, 24: 0, 25: 0, 26: 0, 27: 0}"
468,"{0: 1, 1: 2, 2: 3, 3: 4, 4: 5, 5: 7, 6: 11, 7: 13, 8: 13, 9: 13, 10: 15, 11: 14, 12: 14, 13: 11, 14: 9, 15: 9, 16: 5, 17: 4, 18: 3, 19: 3, 20: 1, 21: 0, 22: 0, 23: 0, 24: 0, 25: 0, 26: 0, 27: 0}"
469,"{0: 1, 1: 1, 2: 1, 3: 1, 4: 1, 5: 1, 6: 1, 7: 2, 8: 4, 9: 2, 10: 3, 11: 2, 12: 2, 13: 1, 14: 0, 15: 0, 16: 0, 17: 0, 18: 0, 19: 0, 20: 0, 21: 0, 22: 0, 23: 0, 24: 0, 25: 0, 26: 0, 27: 0}"
470,"{0: 1, 1: 2, 2: 3, 3: 3, 4: 6, 5: 7, 6: 7, 7: 9, 8: 7, 9: 10, 10: 9, 11: 11, 12: 8, 13: 7, 14: 7, 15: 6, 16: 4, 17: 3, 18: 2, 19: 2, 20: 2, 21: 1, 22: 0, 23: 0, 24: 0, 25: 0, 26: 0, 27: 0}"
471,"{0: 1, 1: 1, 2: 2, 3: 3, 4: 4, 5: 6, 6: 8, 7: 10, 8: 11, 9: 12, 10: 12, 11: 13, 12: 10, 13: 7, 14: 4, 15: 2, 16: 1, 17: 1, 18: 1, 19: 0, 20: 0, 21: 0, 22: 0, 23: 0, 24: 0, 25: 0, 26: 0, 27: 0}"
472,"{0: 1, 1: 1, 2: 1, 3: 1, 4: 1, 5: 2, 6: 3, 7: 4, 8: 5, 9: 5, 10: 6, 11: 6, 12: 6, 13: 5, 14: 5, 15: 4, 16: 3, 17: 2, 18: 2, 19: 1, 20: 0, 21: 0, 22: 0, 23: 0, 24: 0, 25: 0, 26: 0, 27: 0}"
473,"{0: 1, 1: 2, 2: 3, 3: 4, 4: 4, 5: 4, 6: 3, 7: 2, 8: 3, 9: 3, 10: 3, 11: 3, 12: 1, 13: 1, 14: 0, 15: 0, 16: 0, 17: 0, 18: 0, 19: 0, 20: 0, 21: 0, 22: 0, 23: 0, 24: 0, 25: 0, 26: 0, 27: 0}"
474,"{0: 1, 1: 1, 2: 2, 3: 3, 4: 4, 5: 3, 6: 3, 7: 2, 8: 2, 9: 2, 10: 1, 11: 1, 12: 2, 13: 1, 14: 0, 15: 0, 16: 0, 17: 0, 18: 0, 19: 0, 20: 0, 21: 0, 22: 0, 23: 0, 24: 0, 25: 0, 26: 0, 27: 0}"
475,"{0: 1, 1: 1, 2: 2, 3: 2, 4: 3, 5: 5, 6: 7, 7: 8, 8: 9, 9: 11, 10: 14, 11: 16, 12: 15, 13: 14, 14: 9, 15: 9, 16: 7, 17: 3, 18: 1, 19: 0, 20: 0, 21: 0, 22: 0, 23: 0, 24: 0, 25: 0, 26: 0, 27: 0}"
476,"{0: 1, 1: 2, 2: 3, 3: 4, 4: 3, 5: 3, 6: 3, 7: 4, 8: 3, 9: 3, 10: 2, 11: 3, 12: 1, 13: 0, 14: 0, 15: 0, 16: 0, 17: 0, 18: 0, 19: 0, 20: 0, 21: 0, 22: 0, 23: 0, 24: 0, 25: 0, 26: 0, 27: 0}"
477,"{0: 1, 1: 2, 2: 4, 3: 5, 4: 7, 5: 11, 6: 15, 7: 15, 8: 20, 9: 17, 10: 17, 11: 15, 12: 19, 13: 15, 14: 13, 15: 9, 16: 5, 17: 2, 18: 1, 19: 0, 20: 0, 21: 0, 22: 0, 23: 0, 24: 0, 25: 0, 26: 0, 27: 0}"
478,"{0: 1, 1: 1, 2: 1, 3: 2, 4: 4, 5: 6, 6: 6, 7: 4, 8: 4, 9: 3, 10: 2, 11: 3, 12: 1, 13: 1, 14: 0, 15: 0, 16: 0, 17: 0, 18: 0, 19: 0, 20: 0, 21: 0, 22: 0, 23: 0, 24: 0, 25: 0, 26: 0, 27: 0}"
479,"{0: 1, 1: 1, 2: 2, 3: 4, 4: 4, 5: 4, 6: 4, 7: 3, 8: 5, 9: 4, 10: 4, 11: 5, 12: 4, 13: 3, 14: 3, 15: 4, 16: 6, 17: 7, 18: 6, 19: 4, 20: 3, 21: 2, 22: 1, 23: 0, 24: 0, 25: 0, 26: 0, 27: 0}"
480,"{0: 1, 1: 1, 2: 1, 3: 1, 4: 1, 5: 1, 6: 1, 7: 2, 8: 4, 9: 4, 10: 5, 11: 5, 12: 6, 13: 6, 14: 6, 15: 6, 16: 8, 17: 10, 18: 10, 19: 10, 20: 8, 21: 7, 22: 7, 23: 4, 24: 1, 25: 0, 26: 0, 27: 0}"
481,"{0: 1, 1: 1, 2: 1, 3: 1, 4: 2, 5: 3, 6: 4, 7: 6, 8: 9, 9: 13, 10: 18, 11: 22, 12: 24, 13: 21, 14: 18, 15: 16, 16: 15, 17: 11, 18: 7, 19: 2, 20: 1, 21: 1, 22: 0, 23: 0, 24: 0, 25: 0, 26: 0, 27: 0}"
482,"{0: 1, 1: 1, 2: 1, 3: 1, 4: 2, 5: 3, 6: 3, 7: 3, 8: 4, 9: 3, 10: 3, 11: 2, 12: 1, 13: 0, 14: 0, 15: 0, 16: 0, 17: 0, 18: 0, 19: 0, 20: 0, 21: 0, 22: 0, 23: 0, 24: 0, 25: 0, 26: 0, 27: 0}"
483,"{0: 1, 1: 1, 2: 1, 3: 1, 4: 1, 5: 1, 6: 1, 7: 2, 8: 4, 9: 2, 10: 3, 11: 2, 12: 2, 13: 1, 14: 0, 15: 0, 16: 0, 17: 0, 18: 0, 19: 0, 20: 0, 21: 0, 22: 0, 23: 0, 24: 0, 25: 0, 26: 0, 27: 0}"
484,"{0: 1, 1: 1, 2: 1, 3: 1, 4: 2, 5: 3, 6: 3, 7: 2, 8: 4, 9: 3, 10: 3, 11: 4, 12: 2, 13: 1, 14: 0, 15: 0, 16: 0, 17: 0, 18: 0, 19: 0, 20: 0, 21: 0, 22: 0, 23: 0, 24: 0, 25: 0, 26: 0, 27: 0}"
485,"{0: 1, 1: 2, 2: 3, 3: 5, 4: 7, 5: 9, 6: 12, 7: 14, 8: 14, 9: 11, 10: 11, 11: 9, 12: 10, 13: 9, 14: 8, 15: 6, 16: 3, 17: 1, 18: 0, 19: 0, 20: 0, 21: 0, 22: 0, 23: 0, 24: 0, 25: 0, 26: 0, 27: 0}"
486,"{0: 1, 1: 2, 2: 3, 3: 3, 4: 2, 5: 2, 6: 3, 7: 3, 8: 3, 9: 3, 10: 4, 11: 2, 12: 2, 13: 0, 14: 0, 15: 0, 16: 0, 17: 0, 18: 0, 19: 0, 20: 0, 21: 0, 22: 0, 23: 0, 24: 0, 25: 0, 26: 0, 27: 0}"
487,"{0: 1, 1: 2, 2: 3, 3: 4, 4: 4, 5: 4, 6: 5, 7: 3, 8: 4, 9: 4, 10: 3, 11: 6, 12: 3, 13: 2, 14: 1, 15: 1, 16: 0, 17: 0, 18: 0, 19: 0, 20: 0, 21: 0, 22: 0, 23: 0, 24: 0, 25: 0, 26: 0, 27: 0}"
488,"{0: 1, 1: 1, 2: 1, 3: 2, 4: 3, 5: 4, 6: 5, 7: 6, 8: 10, 9: 10, 10: 10, 11: 10, 12: 12, 13: 10, 14: 7, 15: 7, 16: 8, 17: 5, 18: 2, 19: 0, 20: 0, 21: 0, 22: 0, 23: 0, 24: 0, 25: 0, 26: 0, 27: 0}"
489,"{0: 1, 1: 2, 2: 4, 3: 6, 4: 6, 5: 8, 6: 13, 7: 13, 8: 12, 9: 12, 10: 15, 11: 12, 12: 13, 13: 13, 14: 9, 15: 4, 16: 2, 17: 1, 18: 0, 19: 0, 20: 0, 21: 0, 22: 0, 23: 0, 24: 0, 25: 0, 26: 0, 27: 0}"
490,"{0: 1, 1: 1, 2: 1, 3: 1, 4: 1, 5: 1, 6: 1, 7: 1, 8: 2, 9: 4, 10: 3, 11: 4, 12: 3, 13: 1, 14: 0, 15: 0, 16: 0, 17: 0, 18: 0, 19: 0, 20: 0, 21: 0, 22: 0, 23: 0, 24: 0, 25: 0, 26: 0, 27: 0}"
491,"{0: 1, 1: 1, 2: 2, 3: 3, 4: 3, 5: 3, 6: 3, 7: 3, 8: 2, 9: 2, 10: 3, 11: 2, 12: 3, 13: 1, 14: 0, 15: 0, 16: 0, 17: 0, 18: 0, 19: 0, 20: 0, 21: 0, 22: 0, 23: 0, 24: 0, 25: 0, 26: 0, 27: 0}"
492,"{0: 1, 1: 2, 2: 4, 3: 3, 4: 4, 5: 4, 6: 4, 7: 3, 8: 3, 9: 4, 10: 2, 11: 4, 12: 3, 13: 2, 14: 0, 15: 0, 16: 0, 17: 0, 18: 0, 19: 0, 20: 0, 21: 0, 22: 0, 23: 0, 24: 0, 25: 0, 26: 0, 27: 0}"
493,"{0: 1, 1: 2, 2: 3, 3: 4, 4: 5, 5: 5, 6: 5, 7: 7, 8: 8, 9: 7, 10: 7, 11: 5, 12: 4, 13: 4, 14: 3, 15: 2, 16: 1, 17: 1, 18: 1, 19: 1, 20: 0, 21: 0, 22: 0, 23: 0, 24: 0, 25: 0, 26: 0, 27: 0}"
494,"{0: 1, 1: 1, 2: 1, 3: 2, 4: 3, 5: 5, 6: 6, 7: 5, 8: 4, 9: 5, 10: 3, 11: 3, 12: 3, 13: 2, 14: 0, 15: 0, 16: 0, 17: 0, 18: 0, 19: 0, 20: 0, 21: 0, 22: 0, 23: 0, 24: 0, 25: 0, 26: 0, 27: 0}"
495,"{0: 1, 1: 2, 2: 3, 3: 4, 4: 5, 5: 6, 6: 6, 7: 5, 8: 6, 9: 6, 10: 6, 11: 8, 12: 7, 13: 7, 14: 5, 15: 4, 16: 3, 17: 1, 18: 0, 19: 0, 20: 0, 21: 0, 22: 0, 23: 0, 24: 0, 25: 0, 26: 0, 27: 0}"
496,"{0: 1, 1: 1, 2: 1, 3: 1, 4: 1, 5: 1, 6: 1, 7: 2, 8: 4, 9: 2, 10: 3, 11: 2, 12: 2, 13: 1, 14: 0, 15: 0, 16: 0, 17: 0, 18: 0, 19: 0, 20: 0, 21: 0, 22: 0, 23: 0, 24: 0, 25: 0, 26: 0, 27: 0}"
497,"{0: 1, 1: 2, 2: 2, 3: 3, 4: 3, 5: 2, 6: 3, 7: 2, 8: 4, 9: 3, 10: 3, 11: 4, 12: 2, 13: 0, 14: 0, 15: 0, 16: 0, 17: 0, 18: 0, 19: 0, 20: 0, 21: 0, 22: 0, 23: 0, 24: 0, 25: 0, 26: 0, 27: 0}"
498,"{0: 1, 1: 1, 2: 2, 3: 4, 4: 5, 5: 7, 6: 10, 7: 10, 8: 11, 9: 12, 10: 12, 11: 12, 12: 12, 13: 12, 14: 10, 15: 7, 16: 4, 17: 1, 18: 0, 19: 0, 20: 0, 21: 0, 22: 0, 23: 0, 24: 0, 25: 0, 26: 0, 27: 0}"
499,"{0: 1, 1: 1, 2: 2, 3: 2, 4: 3, 5: 4, 6: 5, 7: 6, 8: 9, 9: 11, 10: 13, 11: 13, 12: 16, 13: 14, 14: 12, 15: 9, 16: 6, 17: 2, 18: 2, 19: 0, 20: 0, 21: 0, 22: 0, 23: 0, 24: 0, 25: 0, 26: 0, 27: 0}"
